-- phpMyAdmin SQL Dump
-- version 4.9.3
-- https://www.phpmyadmin.net/
--
-- Host: localhost:3306
-- Generation Time: Dec 13, 2020 at 03:21 PM
-- Server version: 5.7.26
-- PHP Version: 7.4.2

SET SQL_MODE = "NO_AUTO_VALUE_ON_ZERO";
SET time_zone = "+00:00";


/*!40101 SET @OLD_CHARACTER_SET_CLIENT=@@CHARACTER_SET_CLIENT */;
/*!40101 SET @OLD_CHARACTER_SET_RESULTS=@@CHARACTER_SET_RESULTS */;
/*!40101 SET @OLD_COLLATION_CONNECTION=@@COLLATION_CONNECTION */;
/*!40101 SET NAMES utf8mb4 */;

--
-- Database: `salepro`
--

-- --------------------------------------------------------

--
-- Table structure for table `accounts`
--

CREATE TABLE `accounts` (
  `id` int(10) UNSIGNED NOT NULL,
  `account_no` varchar(191) COLLATE utf8mb4_unicode_ci NOT NULL,
  `name` varchar(191) COLLATE utf8mb4_unicode_ci NOT NULL,
  `initial_balance` double DEFAULT NULL,
  `total_balance` double NOT NULL,
  `note` text COLLATE utf8mb4_unicode_ci,
  `is_default` tinyint(1) DEFAULT NULL,
  `is_active` tinyint(1) NOT NULL,
  `created_at` timestamp NULL DEFAULT NULL,
  `updated_at` timestamp NULL DEFAULT NULL
) ENGINE=InnoDB DEFAULT CHARSET=utf8mb4 COLLATE=utf8mb4_unicode_ci;

--
-- Dumping data for table `accounts`
--

INSERT INTO `accounts` (`id`, `account_no`, `name`, `initial_balance`, `total_balance`, `note`, `is_default`, `is_active`, `created_at`, `updated_at`) VALUES
(1, '11111', 'Sales Account', 1000, 1000, 'this is first account', 1, 1, '2018-12-18 02:58:02', '2020-12-13 09:17:09'),
(3, '21211', 'Sa', NULL, 0, NULL, 0, 1, '2018-12-18 02:58:56', '2020-12-13 09:17:09');

-- --------------------------------------------------------

--
-- Table structure for table `adjustments`
--

CREATE TABLE `adjustments` (
  `id` int(10) UNSIGNED NOT NULL,
  `reference_no` varchar(191) COLLATE utf8mb4_unicode_ci NOT NULL,
  `warehouse_id` int(11) NOT NULL,
  `document` varchar(191) COLLATE utf8mb4_unicode_ci DEFAULT NULL,
  `total_qty` double NOT NULL,
  `item` int(11) NOT NULL,
  `note` text COLLATE utf8mb4_unicode_ci,
  `created_at` timestamp NULL DEFAULT NULL,
  `updated_at` timestamp NULL DEFAULT NULL
) ENGINE=InnoDB DEFAULT CHARSET=utf8mb4 COLLATE=utf8mb4_unicode_ci;

--
-- Dumping data for table `adjustments`
--

INSERT INTO `adjustments` (`id`, `reference_no`, `warehouse_id`, `document`, `total_qty`, `item`, `note`, `created_at`, `updated_at`) VALUES
(1, 'adr-20200607-043426', 1, NULL, 4, 1, NULL, '2020-06-07 14:34:26', '2020-06-07 14:34:26'),
(2, 'adr-20200628-063618', 1, NULL, 18, 1, NULL, '2020-06-28 16:36:18', '2020-06-28 16:36:18'),
(3, 'adr-20201207-121544', 1, NULL, 10, 1, NULL, '2020-12-07 10:15:44', '2020-12-07 10:15:44'),
(4, 'adr-20201213-110735', 1, NULL, 5, 1, NULL, '2020-12-13 09:07:35', '2020-12-13 09:07:35');

-- --------------------------------------------------------

--
-- Table structure for table `attendances`
--

CREATE TABLE `attendances` (
  `id` int(10) UNSIGNED NOT NULL,
  `date` date NOT NULL,
  `employee_id` int(11) NOT NULL,
  `user_id` int(11) NOT NULL,
  `checkin` varchar(191) COLLATE utf8mb4_unicode_ci NOT NULL,
  `checkout` varchar(191) COLLATE utf8mb4_unicode_ci NOT NULL,
  `status` int(11) NOT NULL,
  `note` text COLLATE utf8mb4_unicode_ci,
  `created_at` timestamp NULL DEFAULT NULL,
  `updated_at` timestamp NULL DEFAULT NULL
) ENGINE=InnoDB DEFAULT CHARSET=utf8mb4 COLLATE=utf8mb4_unicode_ci;

--
-- Dumping data for table `attendances`
--

INSERT INTO `attendances` (`id`, `date`, `employee_id`, `user_id`, `checkin`, `checkout`, `status`, `note`, `created_at`, `updated_at`) VALUES
(1, '2019-01-02', 1, 1, '10:00am', '6:30pm', 1, NULL, '2019-01-02 03:30:50', '2019-01-02 03:30:50'),
(3, '2019-01-02', 3, 1, '10:15am', '6:30pm', 0, NULL, '2019-01-02 03:57:12', '2019-01-02 03:57:12'),
(6, '2020-02-03', 1, 1, '11:30am', '6:00pm', 0, NULL, '2020-02-03 09:57:30', '2020-02-03 09:57:30');

-- --------------------------------------------------------

--
-- Table structure for table `billers`
--

CREATE TABLE `billers` (
  `id` int(10) UNSIGNED NOT NULL,
  `name` varchar(191) COLLATE utf8mb4_unicode_ci NOT NULL,
  `image` varchar(191) COLLATE utf8mb4_unicode_ci DEFAULT NULL,
  `company_name` varchar(191) COLLATE utf8mb4_unicode_ci NOT NULL,
  `vat_number` varchar(191) COLLATE utf8mb4_unicode_ci DEFAULT NULL,
  `email` varchar(191) COLLATE utf8mb4_unicode_ci NOT NULL,
  `phone_number` varchar(191) COLLATE utf8mb4_unicode_ci NOT NULL,
  `address` varchar(191) COLLATE utf8mb4_unicode_ci NOT NULL,
  `city` varchar(191) COLLATE utf8mb4_unicode_ci NOT NULL,
  `state` varchar(191) COLLATE utf8mb4_unicode_ci DEFAULT NULL,
  `postal_code` varchar(191) COLLATE utf8mb4_unicode_ci DEFAULT NULL,
  `country` varchar(191) COLLATE utf8mb4_unicode_ci DEFAULT NULL,
  `is_active` tinyint(1) DEFAULT NULL,
  `created_at` timestamp NULL DEFAULT NULL,
  `updated_at` timestamp NULL DEFAULT NULL
) ENGINE=InnoDB DEFAULT CHARSET=utf8mb4 COLLATE=utf8mb4_unicode_ci;

--
-- Dumping data for table `billers`
--

INSERT INTO `billers` (`id`, `name`, `image`, `company_name`, `vat_number`, `email`, `phone_number`, `address`, `city`, `state`, `postal_code`, `country`, `is_active`, `created_at`, `updated_at`) VALUES
(1, 'yousuf', 'aks.jpg', 'aks', '31123', 'yousuf@kds.com', '442343324', 'halishahar', 'chittagong', NULL, NULL, 'sdgs', 1, '2018-05-12 21:49:30', '2019-03-02 05:20:38'),
(2, 'tariq', NULL, 'big tree', NULL, 'tariq@bigtree.com', '321312', 'khulshi', 'chittagong', NULL, NULL, NULL, 1, '2018-05-12 21:57:54', '2018-06-15 00:07:11'),
(3, 'test', NULL, 'test', NULL, 'test@test.com', '3211', 'erewrwqre', 'afsf', NULL, NULL, NULL, 0, '2018-05-30 02:38:58', '2018-05-30 02:39:57'),
(5, 'modon', 'mogaTel.jpg', 'mogaTel', '', 'modon@gmail.com', '32321', 'nasirabad', 'chittagong', '', '', 'bd', 1, '2018-09-01 03:59:54', '2018-10-07 02:35:51'),
(6, 'a', NULL, 'a', NULL, 'a@a.com', 'q', 'q', 'q', NULL, NULL, NULL, 0, '2018-10-07 02:33:39', '2018-10-07 02:34:18'),
(7, 'a', NULL, 'a', NULL, 'a@a.com', 'a', 'a', 'a', NULL, NULL, NULL, 0, '2018-10-07 02:34:36', '2018-10-07 02:36:07'),
(8, 'x', 'x.png', 'x', NULL, 'x@x.com', 'x', 'x', 'x', NULL, NULL, NULL, 1, '2019-03-18 11:02:42', '2019-12-21 11:01:24');

-- --------------------------------------------------------

--
-- Table structure for table `brands`
--

CREATE TABLE `brands` (
  `id` int(10) UNSIGNED NOT NULL,
  `title` varchar(191) COLLATE utf8mb4_unicode_ci NOT NULL,
  `image` varchar(191) COLLATE utf8mb4_unicode_ci DEFAULT NULL,
  `is_active` tinyint(1) DEFAULT NULL,
  `created_at` timestamp NULL DEFAULT NULL,
  `updated_at` timestamp NULL DEFAULT NULL
) ENGINE=InnoDB DEFAULT CHARSET=utf8mb4 COLLATE=utf8mb4_unicode_ci;

--
-- Dumping data for table `brands`
--

INSERT INTO `brands` (`id`, `title`, `image`, `is_active`, `created_at`, `updated_at`) VALUES
(3, 'HP', 'HP.jpg', 1, '2018-05-12 09:06:14', '2019-03-02 05:32:21'),
(4, 'samsung', 'samsung.jpg', 1, '2018-05-12 09:08:41', '2018-07-04 03:38:37'),
(5, 'Apple', 'Apple.jpg', 1, '2018-08-31 23:34:49', '2018-12-06 03:05:38');

-- --------------------------------------------------------

--
-- Table structure for table `categories`
--

CREATE TABLE `categories` (
  `id` int(10) UNSIGNED NOT NULL,
  `name` varchar(191) COLLATE utf8mb4_unicode_ci NOT NULL,
  `parent_id` int(11) DEFAULT NULL,
  `is_active` tinyint(1) DEFAULT NULL,
  `created_at` timestamp NULL DEFAULT NULL,
  `updated_at` timestamp NULL DEFAULT NULL
) ENGINE=InnoDB DEFAULT CHARSET=utf8mb4 COLLATE=utf8mb4_unicode_ci;

--
-- Dumping data for table `categories`
--

INSERT INTO `categories` (`id`, `name`, `parent_id`, `is_active`, `created_at`, `updated_at`) VALUES
(1, 'Fruits', 9, 1, '2018-05-12 03:27:25', '2019-03-01 15:07:21'),
(2, 'electronics', NULL, 1, '2018-05-12 03:35:57', '2019-03-01 15:07:21'),
(3, 'computer', 2, 1, '2018-05-12 03:36:08', '2019-04-10 04:16:06'),
(4, 'toy', NULL, 1, '2018-05-23 22:57:48', '2019-03-01 15:09:27'),
(7, 'jacket', NULL, 0, '2018-05-27 22:39:51', '2018-05-27 22:40:48'),
(9, 'food', NULL, 1, '2018-06-25 01:21:40', '2018-09-03 03:41:28'),
(10, 'anda', NULL, 0, '2018-08-28 23:36:31', '2018-08-28 23:37:34'),
(11, 'anda', NULL, 0, '2018-08-28 23:48:06', '2018-08-28 23:53:22'),
(12, 'accessories', NULL, 1, '2018-12-04 23:28:53', '2019-04-10 04:17:03'),
(14, 'nn', NULL, 0, '2019-04-10 04:22:30', '2019-04-10 05:38:47'),
(15, 'nm', NULL, 0, '2019-04-10 04:22:36', '2019-04-10 05:41:43'),
(16, 'desktop', 3, 1, '2020-03-11 10:42:33', '2020-03-11 10:42:33'),
(17, 'MR KHIRI ISHMILH', 3, 0, '2020-06-05 06:39:56', '2020-06-05 06:40:03');

-- --------------------------------------------------------

--
-- Table structure for table `coupons`
--

CREATE TABLE `coupons` (
  `id` int(10) UNSIGNED NOT NULL,
  `code` varchar(191) COLLATE utf8mb4_unicode_ci NOT NULL,
  `type` varchar(191) COLLATE utf8mb4_unicode_ci NOT NULL,
  `amount` double NOT NULL,
  `minimum_amount` double DEFAULT NULL,
  `quantity` int(11) NOT NULL,
  `used` int(11) NOT NULL,
  `expired_date` date NOT NULL,
  `user_id` int(11) NOT NULL,
  `is_active` tinyint(1) NOT NULL,
  `created_at` timestamp NULL DEFAULT NULL,
  `updated_at` timestamp NULL DEFAULT NULL
) ENGINE=InnoDB DEFAULT CHARSET=utf8mb4 COLLATE=utf8mb4_unicode_ci;

--
-- Dumping data for table `coupons`
--

INSERT INTO `coupons` (`id`, `code`, `type`, `amount`, `minimum_amount`, `quantity`, `used`, `expired_date`, `user_id`, `is_active`, `created_at`, `updated_at`) VALUES
(1, 'sonar bangla', 'percentage', 20, 0, 100, 3, '2020-03-31', 1, 1, '2018-10-25 22:38:50', '2020-03-11 10:46:41'),
(2, 'i love bangladesh', 'fixed', 200, 1000, 50, 1, '2018-12-31', 1, 1, '2018-10-27 02:59:26', '2019-03-02 05:46:48'),
(3, 'hN5Uf10wYx', 'percentage', 50, NULL, 2, 0, '2020-08-10', 1, 1, '2020-08-10 18:08:52', '2020-08-10 18:08:52');

-- --------------------------------------------------------

--
-- Table structure for table `customers`
--

CREATE TABLE `customers` (
  `id` int(10) UNSIGNED NOT NULL,
  `customer_group_id` int(11) NOT NULL,
  `name` varchar(191) COLLATE utf8mb4_unicode_ci NOT NULL,
  `company_name` varchar(191) COLLATE utf8mb4_unicode_ci DEFAULT NULL,
  `email` varchar(191) COLLATE utf8mb4_unicode_ci DEFAULT NULL,
  `phone_number` varchar(191) COLLATE utf8mb4_unicode_ci NOT NULL,
  `tax_no` varchar(191) COLLATE utf8mb4_unicode_ci DEFAULT NULL,
  `address` varchar(191) COLLATE utf8mb4_unicode_ci NOT NULL,
  `city` varchar(191) COLLATE utf8mb4_unicode_ci NOT NULL,
  `state` varchar(191) COLLATE utf8mb4_unicode_ci DEFAULT NULL,
  `postal_code` varchar(191) COLLATE utf8mb4_unicode_ci DEFAULT NULL,
  `country` varchar(191) COLLATE utf8mb4_unicode_ci DEFAULT NULL,
  `deposit` double DEFAULT NULL,
  `expense` double DEFAULT NULL,
  `is_active` tinyint(1) DEFAULT NULL,
  `created_at` timestamp NULL DEFAULT NULL,
  `updated_at` timestamp NULL DEFAULT NULL
) ENGINE=InnoDB DEFAULT CHARSET=utf8mb4 COLLATE=utf8mb4_unicode_ci;

--
-- Dumping data for table `customers`
--

INSERT INTO `customers` (`id`, `customer_group_id`, `name`, `company_name`, `email`, `phone_number`, `tax_no`, `address`, `city`, `state`, `postal_code`, `country`, `deposit`, `expense`, `is_active`, `created_at`, `updated_at`) VALUES
(1, 1, 'dhiman', 'lioncoders', 'dhiman@gmail.com', '+8801111111101', NULL, 'kajir deuri', 'chittagong', NULL, NULL, 'bd', 190, 20, 1, '2018-05-12 10:00:48', '2019-02-22 05:37:27'),
(2, 2, 'moinul', 'lioncoders', NULL, '+8801200000001', NULL, 'jamalkhan', 'chittagong', NULL, NULL, 'bd', 100, 20, 1, '2018-05-12 10:04:51', '2019-02-22 05:38:08'),
(3, 3, 'tariq', 'big tree', NULL, '3424', NULL, 'khulshi', 'chittagong', NULL, NULL, 'bd', NULL, NULL, 1, '2018-05-12 10:07:52', '2019-03-02 05:54:07'),
(4, 1, 'test', NULL, NULL, '4234', NULL, 'frwerw', 'qwerwqr', NULL, NULL, NULL, NULL, NULL, 0, '2018-05-30 01:35:28', '2018-05-30 01:37:38'),
(8, 1, 'anwar', 'smart it', 'anwar@smartit.com', '32321', NULL, 'nasirabad', 'chittagong', NULL, NULL, 'bd', NULL, NULL, 0, '2018-09-01 03:26:13', '2018-09-01 03:29:55'),
(11, 1, 'walk-in-customer', NULL, NULL, '01923000001', '11111', 'mohammadpur', 'dhaka', NULL, NULL, NULL, NULL, 0, 1, '2018-09-02 01:30:54', '2019-12-21 10:57:53'),
(15, 1, 's', NULL, NULL, '2', NULL, 's', '3e', NULL, NULL, NULL, NULL, NULL, 0, '2018-11-05 04:00:39', '2018-11-08 03:37:08'),
(16, 1, 'asas', NULL, NULL, '2121', NULL, 'dasd', 'asdd', NULL, NULL, NULL, NULL, NULL, 0, '2018-12-01 00:07:53', '2018-12-03 21:55:46');

-- --------------------------------------------------------

--
-- Table structure for table `customer_groups`
--

CREATE TABLE `customer_groups` (
  `id` int(10) UNSIGNED NOT NULL,
  `name` varchar(191) COLLATE utf8mb4_unicode_ci NOT NULL,
  `percentage` varchar(191) COLLATE utf8mb4_unicode_ci NOT NULL,
  `is_active` tinyint(1) DEFAULT NULL,
  `created_at` timestamp NULL DEFAULT NULL,
  `updated_at` timestamp NULL DEFAULT NULL
) ENGINE=InnoDB DEFAULT CHARSET=utf8mb4 COLLATE=utf8mb4_unicode_ci;

--
-- Dumping data for table `customer_groups`
--

INSERT INTO `customer_groups` (`id`, `name`, `percentage`, `is_active`, `created_at`, `updated_at`) VALUES
(1, 'general', '0', 1, '2018-05-12 08:09:36', '2019-03-02 06:01:35'),
(2, 'distributor', '-10', 1, '2018-05-12 08:12:14', '2019-03-02 06:02:12'),
(3, 'reseller', '5', 1, '2018-05-12 08:12:26', '2018-05-30 01:18:14'),
(4, 'test', '12', 0, '2018-05-30 01:17:16', '2018-05-30 01:17:57'),
(5, 'test', '0', 0, '2018-08-03 09:10:27', '2018-08-03 09:10:34');

-- --------------------------------------------------------

--
-- Table structure for table `deliveries`
--

CREATE TABLE `deliveries` (
  `id` int(10) UNSIGNED NOT NULL,
  `reference_no` varchar(191) COLLATE utf8mb4_unicode_ci NOT NULL,
  `sale_id` int(11) NOT NULL,
  `address` text COLLATE utf8mb4_unicode_ci NOT NULL,
  `delivered_by` varchar(191) COLLATE utf8mb4_unicode_ci DEFAULT NULL,
  `recieved_by` varchar(191) COLLATE utf8mb4_unicode_ci DEFAULT NULL,
  `file` varchar(191) COLLATE utf8mb4_unicode_ci DEFAULT NULL,
  `note` varchar(191) COLLATE utf8mb4_unicode_ci DEFAULT NULL,
  `status` varchar(191) COLLATE utf8mb4_unicode_ci NOT NULL,
  `created_at` timestamp NULL DEFAULT NULL,
  `updated_at` timestamp NULL DEFAULT NULL
) ENGINE=InnoDB DEFAULT CHARSET=utf8mb4 COLLATE=utf8mb4_unicode_ci;

--
-- Dumping data for table `deliveries`
--

INSERT INTO `deliveries` (`id`, `reference_no`, `sale_id`, `address`, `delivered_by`, `recieved_by`, `file`, `note`, `status`, `created_at`, `updated_at`) VALUES
(1, 'dr-20180808-044431', 1, 'kajir deuri chittagong bd', 'abul', 'dhiman', NULL, NULL, '3', '2018-08-08 10:44:55', '2018-11-06 04:59:06'),
(2, 'dr-20181106-105936', 88, 'mohammadpur dhaka', NULL, NULL, NULL, NULL, '2', '2018-11-06 04:59:43', '2018-11-06 05:10:38'),
(3, 'dr-20181106-111321', 79, 'mohammadpur dhaka', NULL, NULL, NULL, NULL, '3', '2018-11-06 05:13:25', '2018-11-06 05:13:25');

-- --------------------------------------------------------

--
-- Table structure for table `departments`
--

CREATE TABLE `departments` (
  `id` int(10) UNSIGNED NOT NULL,
  `name` varchar(191) COLLATE utf8mb4_unicode_ci NOT NULL,
  `is_active` tinyint(1) NOT NULL,
  `created_at` timestamp NULL DEFAULT NULL,
  `updated_at` timestamp NULL DEFAULT NULL
) ENGINE=InnoDB DEFAULT CHARSET=utf8mb4 COLLATE=utf8mb4_unicode_ci;

--
-- Dumping data for table `departments`
--

INSERT INTO `departments` (`id`, `name`, `is_active`, `created_at`, `updated_at`) VALUES
(1, 'Sale', 1, '2018-12-27 05:16:47', '2018-12-27 10:40:23'),
(2, 'xyz', 1, '2018-12-27 10:28:47', '2018-12-27 10:28:47');

-- --------------------------------------------------------

--
-- Table structure for table `deposits`
--

CREATE TABLE `deposits` (
  `id` int(10) UNSIGNED NOT NULL,
  `amount` double NOT NULL,
  `customer_id` int(11) NOT NULL,
  `user_id` int(11) NOT NULL,
  `note` text COLLATE utf8mb4_unicode_ci,
  `created_at` timestamp NULL DEFAULT NULL,
  `updated_at` timestamp NULL DEFAULT NULL
) ENGINE=InnoDB DEFAULT CHARSET=utf8mb4 COLLATE=utf8mb4_unicode_ci;

--
-- Dumping data for table `deposits`
--

INSERT INTO `deposits` (`id`, `amount`, `customer_id`, `user_id`, `note`, `created_at`, `updated_at`) VALUES
(1, 90, 1, 1, 'first deposit', '2018-08-25 22:48:23', '2018-08-26 01:18:55'),
(3, 100, 2, 1, NULL, '2018-08-26 00:53:16', '2018-08-26 21:42:39'),
(4, 50, 1, 1, NULL, '2018-09-04 22:56:19', '2018-09-04 22:56:19'),
(5, 50, 1, 1, NULL, '2018-09-10 00:08:40', '2018-09-10 00:08:40');

-- --------------------------------------------------------

--
-- Table structure for table `employees`
--

CREATE TABLE `employees` (
  `id` int(10) UNSIGNED NOT NULL,
  `name` varchar(191) COLLATE utf8mb4_unicode_ci NOT NULL,
  `email` varchar(191) COLLATE utf8mb4_unicode_ci NOT NULL,
  `phone_number` varchar(191) COLLATE utf8mb4_unicode_ci NOT NULL,
  `department_id` int(11) NOT NULL,
  `user_id` int(11) DEFAULT NULL,
  `image` varchar(191) COLLATE utf8mb4_unicode_ci DEFAULT NULL,
  `address` varchar(191) COLLATE utf8mb4_unicode_ci DEFAULT NULL,
  `city` varchar(191) COLLATE utf8mb4_unicode_ci DEFAULT NULL,
  `country` varchar(191) COLLATE utf8mb4_unicode_ci DEFAULT NULL,
  `is_active` tinyint(1) NOT NULL,
  `created_at` timestamp NULL DEFAULT NULL,
  `updated_at` timestamp NULL DEFAULT NULL
) ENGINE=InnoDB DEFAULT CHARSET=utf8mb4 COLLATE=utf8mb4_unicode_ci;

--
-- Dumping data for table `employees`
--

INSERT INTO `employees` (`id`, `name`, `email`, `phone_number`, `department_id`, `user_id`, `image`, `address`, `city`, `country`, `is_active`, `created_at`, `updated_at`) VALUES
(1, 'john', 'john@gmail.com', '10001', 2, 12, 'johngmailcom.jpg', 'GEC', 'chittagong', 'Bangladesh', 1, '2018-12-30 00:48:37', '2019-03-02 06:50:23'),
(3, 'tests', 'test@test.com', '111', 1, NULL, NULL, NULL, NULL, NULL, 1, '2018-12-30 22:20:51', '2019-01-03 00:03:54');

-- --------------------------------------------------------

--
-- Table structure for table `expenses`
--

CREATE TABLE `expenses` (
  `id` int(10) UNSIGNED NOT NULL,
  `reference_no` varchar(191) COLLATE utf8mb4_unicode_ci NOT NULL,
  `expense_category_id` int(11) NOT NULL,
  `warehouse_id` int(11) NOT NULL,
  `account_id` int(11) NOT NULL,
  `user_id` int(11) NOT NULL,
  `amount` double NOT NULL,
  `note` text COLLATE utf8mb4_unicode_ci,
  `created_at` timestamp NULL DEFAULT NULL,
  `updated_at` timestamp NULL DEFAULT NULL
) ENGINE=InnoDB DEFAULT CHARSET=utf8mb4 COLLATE=utf8mb4_unicode_ci;

--
-- Dumping data for table `expenses`
--

INSERT INTO `expenses` (`id`, `reference_no`, `expense_category_id`, `warehouse_id`, `account_id`, `user_id`, `amount`, `note`, `created_at`, `updated_at`) VALUES
(26, 'er-20200608-031142', 2, 1, 1, 1, 50.5, NULL, '2020-06-08 01:11:42', '2020-06-08 01:11:42'),
(27, 'er-20200608-031152', 1, 1, 1, 1, 100.5, NULL, '2020-06-08 01:11:52', '2020-06-08 01:11:52'),
(28, 'er-20200608-031200', 4, 1, 1, 1, 100, NULL, '2020-06-08 01:12:00', '2020-06-08 01:12:00');

-- --------------------------------------------------------

--
-- Table structure for table `expense_categories`
--

CREATE TABLE `expense_categories` (
  `id` int(10) UNSIGNED NOT NULL,
  `code` varchar(191) COLLATE utf8mb4_unicode_ci NOT NULL,
  `name` varchar(191) COLLATE utf8mb4_unicode_ci NOT NULL,
  `is_active` tinyint(1) NOT NULL,
  `created_at` timestamp NULL DEFAULT NULL,
  `updated_at` timestamp NULL DEFAULT NULL
) ENGINE=InnoDB DEFAULT CHARSET=utf8mb4 COLLATE=utf8mb4_unicode_ci;

--
-- Dumping data for table `expense_categories`
--

INSERT INTO `expense_categories` (`id`, `code`, `name`, `is_active`, `created_at`, `updated_at`) VALUES
(1, '16718342', 'washing', 1, '2018-08-16 00:32:48', '2019-03-02 07:02:07'),
(2, '60128975', 'electric bill', 1, '2018-08-16 00:39:18', '2018-08-16 00:39:18'),
(3, '83954970', 'test', 0, '2018-08-16 00:50:28', '2018-08-16 00:51:40'),
(4, '1234', 'snacks', 1, '2018-09-01 02:40:04', '2018-09-01 02:40:04');

-- --------------------------------------------------------

--
-- Table structure for table `general_settings`
--

CREATE TABLE `general_settings` (
  `id` int(10) UNSIGNED NOT NULL,
  `site_title` varchar(191) COLLATE utf8mb4_unicode_ci NOT NULL,
  `site_logo` varchar(191) COLLATE utf8mb4_unicode_ci DEFAULT NULL,
  `currency` varchar(191) COLLATE utf8mb4_unicode_ci NOT NULL,
  `staff_access` varchar(191) COLLATE utf8mb4_unicode_ci NOT NULL,
  `date_format` varchar(191) COLLATE utf8mb4_unicode_ci NOT NULL,
  `theme` varchar(191) COLLATE utf8mb4_unicode_ci NOT NULL,
  `created_at` timestamp NULL DEFAULT NULL,
  `updated_at` timestamp NULL DEFAULT NULL,
  `currency_position` varchar(191) COLLATE utf8mb4_unicode_ci NOT NULL
) ENGINE=InnoDB DEFAULT CHARSET=utf8mb4 COLLATE=utf8mb4_unicode_ci;

--
-- Dumping data for table `general_settings`
--

INSERT INTO `general_settings` (`id`, `site_title`, `site_logo`, `currency`, `staff_access`, `date_format`, `theme`, `created_at`, `updated_at`, `currency_position`) VALUES
(1, 'منظومة المبيعات والمشتريات', 'store.png', 'LYD', 'own', 'Y/m/d', 'default.css', '2018-07-06 06:13:11', '2020-06-08 02:23:07', 'prefix');

-- --------------------------------------------------------

--
-- Table structure for table `gift_cards`
--

CREATE TABLE `gift_cards` (
  `id` int(10) UNSIGNED NOT NULL,
  `card_no` varchar(191) COLLATE utf8mb4_unicode_ci NOT NULL,
  `amount` double NOT NULL,
  `expense` double NOT NULL,
  `customer_id` int(11) DEFAULT NULL,
  `user_id` int(11) DEFAULT NULL,
  `expired_date` date DEFAULT NULL,
  `created_by` int(11) NOT NULL,
  `is_active` tinyint(1) NOT NULL,
  `created_at` timestamp NULL DEFAULT NULL,
  `updated_at` timestamp NULL DEFAULT NULL
) ENGINE=InnoDB DEFAULT CHARSET=utf8mb4 COLLATE=utf8mb4_unicode_ci;

--
-- Dumping data for table `gift_cards`
--

INSERT INTO `gift_cards` (`id`, `card_no`, `amount`, `expense`, `customer_id`, `user_id`, `expired_date`, `created_by`, `is_active`, `created_at`, `updated_at`) VALUES
(1, '3571097513020486', 1400, 400, 1, NULL, '2020-12-31', 1, 1, '2018-08-18 01:57:40', '2019-11-10 13:06:01'),
(2, '0452297501931931', 370, 100, 2, NULL, '2020-12-31', 1, 1, '2018-08-18 02:46:43', '2019-11-10 12:56:28'),
(3, '123', 13123, 0, 1, NULL, '2018-08-19', 1, 0, '2018-08-18 22:38:21', '2018-08-18 22:38:28'),
(4, '1862381252690499', 100, 0, NULL, 1, '2018-10-04', 1, 0, '2018-09-30 00:16:28', '2018-09-30 00:17:21'),
(5, '2300813717254199', 143, 0, NULL, 1, '2018-10-04', 1, 0, '2018-09-30 00:18:49', '2018-09-30 00:20:20'),
(6, '8327019475026421', 1, 0, 1, NULL, '2018-10-07', 1, 0, '2018-10-07 03:12:41', '2018-10-07 03:12:55'),
(7, '2063379780590151', 1, 0, 1, NULL, '2018-10-23', 1, 0, '2018-10-23 00:23:22', '2018-10-23 00:23:39');

-- --------------------------------------------------------

--
-- Table structure for table `gift_card_recharges`
--

CREATE TABLE `gift_card_recharges` (
  `id` int(10) UNSIGNED NOT NULL,
  `gift_card_id` int(11) NOT NULL,
  `amount` double NOT NULL,
  `user_id` int(11) NOT NULL,
  `created_at` timestamp NULL DEFAULT NULL,
  `updated_at` timestamp NULL DEFAULT NULL
) ENGINE=InnoDB DEFAULT CHARSET=utf8mb4 COLLATE=utf8mb4_unicode_ci;

--
-- Dumping data for table `gift_card_recharges`
--

INSERT INTO `gift_card_recharges` (`id`, `gift_card_id`, `amount`, `user_id`, `created_at`, `updated_at`) VALUES
(1, 2, 100, 1, '2018-08-24 23:08:29', '2018-08-24 23:08:29'),
(2, 1, 200, 1, '2018-08-24 23:08:50', '2018-08-24 23:08:50'),
(3, 1, 100, 1, '2018-09-04 23:50:41', '2018-09-04 23:50:41'),
(4, 1, 50, 1, '2018-09-04 23:51:38', '2018-09-04 23:51:38'),
(5, 1, 50, 1, '2018-09-04 23:53:36', '2018-09-04 23:53:36'),
(6, 2, 50, 1, '2018-09-04 23:54:34', '2018-09-04 23:54:34'),
(7, 5, 10, 1, '2018-09-30 00:19:48', '2018-09-30 00:19:48'),
(8, 5, 10, 1, '2018-09-30 00:20:04', '2018-09-30 00:20:04'),
(9, 2, 100, 1, '2018-10-07 03:13:05', '2018-10-07 03:13:05'),
(10, 1, 200, 1, '2018-10-07 03:13:39', '2018-10-07 03:13:39'),
(11, 1, 300, 1, '2018-10-23 00:22:49', '2018-10-23 00:22:49');

-- --------------------------------------------------------

--
-- Table structure for table `holidays`
--

CREATE TABLE `holidays` (
  `id` int(10) UNSIGNED NOT NULL,
  `user_id` int(11) NOT NULL,
  `from_date` date NOT NULL,
  `to_date` date NOT NULL,
  `note` text COLLATE utf8mb4_unicode_ci,
  `is_approved` tinyint(1) NOT NULL,
  `created_at` timestamp NULL DEFAULT NULL,
  `updated_at` timestamp NULL DEFAULT NULL
) ENGINE=InnoDB DEFAULT CHARSET=utf8mb4 COLLATE=utf8mb4_unicode_ci;

--
-- Dumping data for table `holidays`
--

INSERT INTO `holidays` (`id`, `user_id`, `from_date`, `to_date`, `note`, `is_approved`, `created_at`, `updated_at`) VALUES
(1, 1, '2020-06-03', '2020-06-04', NULL, 1, '2020-06-03 04:26:31', '2020-06-03 04:26:31');

-- --------------------------------------------------------

--
-- Table structure for table `hrm_settings`
--

CREATE TABLE `hrm_settings` (
  `id` int(10) UNSIGNED NOT NULL,
  `checkin` varchar(191) COLLATE utf8mb4_unicode_ci NOT NULL,
  `checkout` varchar(191) COLLATE utf8mb4_unicode_ci NOT NULL,
  `created_at` timestamp NULL DEFAULT NULL,
  `updated_at` timestamp NULL DEFAULT NULL
) ENGINE=InnoDB DEFAULT CHARSET=utf8mb4 COLLATE=utf8mb4_unicode_ci;

--
-- Dumping data for table `hrm_settings`
--

INSERT INTO `hrm_settings` (`id`, `checkin`, `checkout`, `created_at`, `updated_at`) VALUES
(1, '10:00am', '6:00pm', '2019-01-02 02:20:08', '2019-01-02 04:20:53');

-- --------------------------------------------------------

--
-- Table structure for table `languages`
--

CREATE TABLE `languages` (
  `id` int(10) UNSIGNED NOT NULL,
  `code` varchar(191) COLLATE utf8mb4_unicode_ci NOT NULL,
  `created_at` timestamp NULL DEFAULT NULL,
  `updated_at` timestamp NULL DEFAULT NULL
) ENGINE=InnoDB DEFAULT CHARSET=utf8mb4 COLLATE=utf8mb4_unicode_ci;

--
-- Dumping data for table `languages`
--

INSERT INTO `languages` (`id`, `code`, `created_at`, `updated_at`) VALUES
(1, 'en', '2018-07-07 22:59:17', '2019-12-24 17:34:20');

-- --------------------------------------------------------

--
-- Table structure for table `migrations`
--

CREATE TABLE `migrations` (
  `id` int(10) UNSIGNED NOT NULL,
  `migration` varchar(191) COLLATE utf8mb4_unicode_ci NOT NULL,
  `batch` int(11) NOT NULL
) ENGINE=InnoDB DEFAULT CHARSET=utf8mb4 COLLATE=utf8mb4_unicode_ci;

--
-- Dumping data for table `migrations`
--

INSERT INTO `migrations` (`id`, `migration`, `batch`) VALUES
(1, '2014_10_12_000000_create_users_table', 1),
(2, '2014_10_12_100000_create_password_resets_table', 1),
(3, '2018_02_17_060412_create_categories_table', 1),
(4, '2018_02_20_035727_create_brands_table', 1),
(5, '2018_02_25_100635_create_suppliers_table', 1),
(6, '2018_02_27_101619_create_warehouse_table', 1),
(7, '2018_03_03_040448_create_units_table', 1),
(8, '2018_03_04_041317_create_taxes_table', 1),
(9, '2018_03_10_061915_create_customer_groups_table', 1),
(10, '2018_03_10_090534_create_customers_table', 1),
(11, '2018_03_11_095547_create_billers_table', 1),
(12, '2018_04_05_054401_create_products_table', 1),
(13, '2018_04_06_133606_create_purchases_table', 1),
(14, '2018_04_06_154600_create_product_purchases_table', 1),
(15, '2018_04_06_154915_create_product_warhouse_table', 1),
(16, '2018_04_10_085927_create_sales_table', 1),
(17, '2018_04_10_090133_create_product_sales_table', 1),
(18, '2018_04_10_090254_create_payments_table', 1),
(19, '2018_04_10_090341_create_payment_with_cheque_table', 1),
(20, '2018_04_10_090509_create_payment_with_credit_card_table', 1),
(21, '2018_04_13_121436_create_quotation_table', 1),
(22, '2018_04_13_122324_create_product_quotation_table', 1),
(23, '2018_04_14_121802_create_transfers_table', 1),
(24, '2018_04_14_121913_create_product_transfer_table', 1),
(25, '2018_05_13_082847_add_payment_id_and_change_sale_id_to_payments_table', 2),
(26, '2018_05_13_090906_change_customer_id_to_payment_with_credit_card_table', 3),
(27, '2018_05_20_054532_create_adjustments_table', 4),
(28, '2018_05_20_054859_create_product_adjustments_table', 4),
(29, '2018_05_21_163419_create_returns_table', 5),
(30, '2018_05_21_163443_create_product_returns_table', 5),
(31, '2018_06_02_050905_create_roles_table', 6),
(32, '2018_06_02_073430_add_columns_to_users_table', 7),
(33, '2018_06_03_053738_create_permission_tables', 8),
(36, '2018_06_21_063736_create_pos_setting_table', 9),
(37, '2018_06_21_094155_add_user_id_to_sales_table', 10),
(38, '2018_06_21_101529_add_user_id_to_purchases_table', 11),
(39, '2018_06_21_103512_add_user_id_to_transfers_table', 12),
(40, '2018_06_23_061058_add_user_id_to_quotations_table', 13),
(41, '2018_06_23_082427_add_is_deleted_to_users_table', 14),
(42, '2018_06_25_043308_change_email_to_users_table', 15),
(43, '2018_07_06_115449_create_general_settings_table', 16),
(44, '2018_07_08_043944_create_languages_table', 17),
(45, '2018_07_11_102144_add_user_id_to_returns_table', 18),
(46, '2018_07_11_102334_add_user_id_to_payments_table', 18),
(47, '2018_07_22_130541_add_digital_to_products_table', 19),
(49, '2018_07_24_154250_create_deliveries_table', 20),
(50, '2018_08_16_053336_create_expense_categories_table', 21),
(51, '2018_08_17_115415_create_expenses_table', 22),
(55, '2018_08_18_050418_create_gift_cards_table', 23),
(56, '2018_08_19_063119_create_payment_with_gift_card_table', 24),
(57, '2018_08_25_042333_create_gift_card_recharges_table', 25),
(58, '2018_08_25_101354_add_deposit_expense_to_customers_table', 26),
(59, '2018_08_26_043801_create_deposits_table', 27),
(60, '2018_09_02_044042_add_keybord_active_to_pos_setting_table', 28),
(61, '2018_09_09_092713_create_payment_with_paypal_table', 29),
(62, '2018_09_10_051254_add_currency_to_general_settings_table', 30),
(63, '2018_10_22_084118_add_biller_and_store_id_to_users_table', 31),
(65, '2018_10_26_034927_create_coupons_table', 32),
(66, '2018_10_27_090857_add_coupon_to_sales_table', 33),
(67, '2018_11_07_070155_add_currency_position_to_general_settings_table', 34),
(68, '2018_11_19_094650_add_combo_to_products_table', 35),
(69, '2018_12_09_043712_create_accounts_table', 36),
(70, '2018_12_17_112253_add_is_default_to_accounts_table', 37),
(71, '2018_12_19_103941_add_account_id_to_payments_table', 38),
(72, '2018_12_20_065900_add_account_id_to_expenses_table', 39),
(73, '2018_12_20_082753_add_account_id_to_returns_table', 40),
(74, '2018_12_26_064330_create_return_purchases_table', 41),
(75, '2018_12_26_144210_create_purchase_product_return_table', 42),
(76, '2018_12_26_144708_create_purchase_product_return_table', 43),
(77, '2018_12_27_110018_create_departments_table', 44),
(78, '2018_12_30_054844_create_employees_table', 45),
(79, '2018_12_31_125210_create_payrolls_table', 46),
(80, '2018_12_31_150446_add_department_id_to_employees_table', 47),
(81, '2019_01_01_062708_add_user_id_to_expenses_table', 48),
(82, '2019_01_02_075644_create_hrm_settings_table', 49),
(83, '2019_01_02_090334_create_attendances_table', 50),
(84, '2019_01_27_160956_add_three_columns_to_general_settings_table', 51),
(85, '2019_02_15_183303_create_stock_counts_table', 52),
(86, '2019_02_17_101604_add_is_adjusted_to_stock_counts_table', 53),
(87, '2019_04_13_101707_add_tax_no_to_customers_table', 54),
(89, '2019_10_14_111455_create_holidays_table', 55),
(90, '2019_11_13_145619_add_is_variant_to_products_table', 56),
(91, '2019_11_13_150206_create_product_variants_table', 57),
(92, '2019_11_13_153828_create_variants_table', 57),
(93, '2019_11_25_134041_add_qty_to_product_variants_table', 58),
(94, '2019_11_25_134922_add_variant_id_to_product_purchases_table', 58),
(95, '2019_11_25_145341_add_variant_id_to_product_warehouse_table', 58),
(96, '2019_11_29_182201_add_variant_id_to_product_sales_table', 59),
(97, '2019_12_04_121311_add_variant_id_to_product_quotation_table', 60),
(98, '2019_12_05_123802_add_variant_id_to_product_transfer_table', 61),
(100, '2019_12_08_114954_add_variant_id_to_product_returns_table', 62),
(101, '2019_12_08_203146_add_variant_id_to_purchase_product_return_table', 63),
(102, '2020_02_28_103340_create_money_transfers_table', 64);

-- --------------------------------------------------------

--
-- Table structure for table `money_transfers`
--

CREATE TABLE `money_transfers` (
  `id` int(10) UNSIGNED NOT NULL,
  `reference_no` varchar(191) COLLATE utf8mb4_unicode_ci NOT NULL,
  `from_account_id` int(11) NOT NULL,
  `to_account_id` int(11) NOT NULL,
  `amount` double NOT NULL,
  `created_at` timestamp NULL DEFAULT NULL,
  `updated_at` timestamp NULL DEFAULT NULL
) ENGINE=InnoDB DEFAULT CHARSET=utf8mb4 COLLATE=utf8mb4_unicode_ci;

--
-- Dumping data for table `money_transfers`
--

INSERT INTO `money_transfers` (`id`, `reference_no`, `from_account_id`, `to_account_id`, `amount`, `created_at`, `updated_at`) VALUES
(2, 'mtr-20200228-071852', 1, 3, 100, '2020-02-28 13:18:52', '2020-02-28 13:18:52');

-- --------------------------------------------------------

--
-- Table structure for table `password_resets`
--

CREATE TABLE `password_resets` (
  `email` varchar(191) COLLATE utf8mb4_unicode_ci NOT NULL,
  `token` varchar(191) COLLATE utf8mb4_unicode_ci NOT NULL,
  `created_at` timestamp NULL DEFAULT NULL
) ENGINE=InnoDB DEFAULT CHARSET=utf8mb4 COLLATE=utf8mb4_unicode_ci;

-- --------------------------------------------------------

--
-- Table structure for table `payments`
--

CREATE TABLE `payments` (
  `id` int(10) UNSIGNED NOT NULL,
  `payment_reference` varchar(191) COLLATE utf8mb4_unicode_ci NOT NULL,
  `user_id` int(11) NOT NULL,
  `purchase_id` int(11) DEFAULT NULL,
  `sale_id` int(11) DEFAULT NULL,
  `account_id` int(11) NOT NULL,
  `amount` double NOT NULL,
  `change` double NOT NULL,
  `paying_method` varchar(191) COLLATE utf8mb4_unicode_ci NOT NULL,
  `payment_note` text COLLATE utf8mb4_unicode_ci,
  `created_at` timestamp NULL DEFAULT NULL,
  `updated_at` timestamp NULL DEFAULT NULL
) ENGINE=InnoDB DEFAULT CHARSET=utf8mb4 COLLATE=utf8mb4_unicode_ci;

--
-- Dumping data for table `payments`
--

INSERT INTO `payments` (`id`, `payment_reference`, `user_id`, `purchase_id`, `sale_id`, `account_id`, `amount`, `change`, `paying_method`, `payment_note`, `created_at`, `updated_at`) VALUES
(33, 'spr-20180809-055453', 1, NULL, 2, 1, 1000, 0, 'Cash', NULL, '2018-08-08 23:54:53', '2018-08-08 23:54:53'),
(34, 'spr-20180809-055553', 1, NULL, 2, 1, 1200, 0, 'Cheque', NULL, '2018-08-08 23:55:53', '2018-08-08 23:56:36'),
(35, 'spr-20180809-063214', 1, NULL, 3, 1, 897, 0, 'Cheque', NULL, '2018-08-09 00:32:14', '2018-08-09 00:32:14'),
(36, 'spr-20180825-034836', 1, NULL, 4, 1, 100, 0, 'Gift Card', '100 bucks paid...', '2018-08-24 21:48:36', '2018-08-25 00:57:35'),
(39, 'spr-20180825-083634', 1, NULL, 4, 1, 200, 0, 'Gift Card', NULL, '2018-08-25 02:36:34', '2018-08-25 02:36:34'),
(41, 'spr-20180826-094836', 1, NULL, 6, 1, 20, 0, 'Deposit', '20 bucks paid', '2018-08-26 03:48:36', '2018-08-26 21:42:13'),
(42, 'spr-20180827-073545', 1, NULL, 7, 1, 880, 0, 'Cash', NULL, '2018-08-27 01:35:45', '2018-08-27 01:35:45'),
(43, 'ppr-20180830-071637', 1, 13, NULL, 1, 100, 0, 'Cash', '100 bucks paid...', '2018-08-30 01:16:37', '2018-08-30 01:16:37'),
(44, 'ppr-20180830-090718', 1, 13, NULL, 1, 200, 0, 'Cheque', NULL, '2018-08-30 03:07:18', '2018-08-30 03:07:18'),
(46, 'spr-20180902-053954', 1, NULL, 8, 1, 3529.8, 0, 'Cash', 'fully paid', '2018-09-01 23:39:54', '2018-09-01 23:39:54'),
(49, 'spr-20180903-033314', 1, NULL, 9, 1, 20, 0, 'Deposit', 'fully paid', '2018-09-02 21:33:14', '2018-09-02 21:33:14'),
(50, 'spr-20180903-050138', 1, NULL, 10, 1, 200, 0, 'Gift Card', '50 bucks due...', '2018-09-02 23:01:38', '2018-09-09 21:40:28'),
(51, 'spr-20180903-100821', 1, NULL, 11, 1, 5500, 0, 'Cheque', NULL, '2018-09-03 04:08:21', '2018-09-03 04:08:21'),
(53, 'ppr-20180903-101524', 1, 16, NULL, 1, 1750, 0, 'Cheque', NULL, '2018-09-03 04:15:24', '2018-10-06 01:09:20'),
(78, 'spr-20180926-092105', 1, NULL, 31, 1, 560, 0, 'Cash', NULL, '2018-09-26 03:21:05', '2018-09-26 03:21:05'),
(79, 'spr-20181006-065017', 1, NULL, 30, 1, 100, 0, 'Cheque', NULL, '2018-10-06 00:50:17', '2018-10-06 00:51:55'),
(80, 'spr-20181006-065222', 1, NULL, 30, 1, 20, 0, 'Cash', NULL, '2018-10-06 00:52:22', '2018-10-06 00:52:22'),
(82, 'ppr-20181006-070935', 1, 16, NULL, 1, 1600, 0, 'Cash', NULL, '2018-10-06 01:09:35', '2018-10-06 01:09:35'),
(83, 'spr-20181010-041636', 1, NULL, 41, 1, 461, 0, 'Cash', NULL, '2018-10-09 22:16:36', '2018-10-09 22:16:36'),
(84, 'spr-20181010-053456', 1, NULL, 42, 1, 440, 0, 'Cash', NULL, '2018-10-09 23:34:56', '2018-10-09 23:34:56'),
(91, 'spr-20181021-065338', 1, NULL, 55, 1, 250, 0, 'Cash', NULL, '2018-10-21 00:53:38', '2018-10-21 00:53:38'),
(92, 'spr-20181021-082618', 1, NULL, 57, 1, 575.2, 0, 'Cash', NULL, '2018-10-21 02:26:18', '2018-10-21 02:26:18'),
(93, 'spr-20181022-032730', 1, NULL, 58, 1, 1220, 0, 'Cash', NULL, '2018-10-22 09:27:30', '2018-10-22 09:27:30'),
(104, 'spr-20181023-071548', 11, NULL, 73, 1, 5500, 0, 'Cash', NULL, '2018-10-23 01:15:48', '2018-10-23 01:15:48'),
(105, 'spr-20181023-071648', 1, NULL, 74, 1, 2320, 0, 'Cash', NULL, '2018-10-23 01:16:48', '2018-10-23 01:16:48'),
(126, 'spr-20181101-050033', 1, NULL, 75, 1, 7678, 0, 'Cash', NULL, '2018-10-31 23:00:33', '2018-10-31 23:00:33'),
(127, 'spr-20181101-050130', 1, NULL, 76, 1, 1424, 0, 'Cash', NULL, '2018-10-31 23:01:30', '2018-11-08 03:44:51'),
(129, 'spr-20181105-091523', 1, NULL, 79, 1, 14454, 0, 'Cash', NULL, '2018-11-05 03:15:23', '2018-11-05 03:15:23'),
(130, 'spr-20181105-092002', 1, NULL, 80, 1, 2500, 0, 'Cash', NULL, '2018-11-05 03:20:02', '2018-11-05 03:20:02'),
(131, 'ppr-20181105-092128', 1, 24, NULL, 1, 15950, 0, 'Cash', NULL, '2018-11-05 03:21:28', '2018-11-05 03:21:28'),
(137, 'spr-20181105-095952', 1, NULL, 86, 1, 1100, 0, 'Cash', NULL, '2018-11-05 03:59:52', '2018-11-05 03:59:52'),
(138, 'spr-20181105-100310', 1, NULL, 88, 1, 1100, 0, 'Cash', NULL, '2018-11-05 04:03:10', '2018-11-05 04:03:10'),
(139, 'spr-20181126-020534', 1, NULL, 94, 1, 120, 0, 'Cash', NULL, '2018-11-26 08:05:34', '2018-11-26 08:05:34'),
(140, 'spr-20181128-071515', 1, NULL, 96, 1, 132, 0, 'Cash', NULL, '2018-11-28 01:15:15', '2018-11-28 01:15:15'),
(141, 'spr-20181201-060524', 1, NULL, 97, 1, 200, 300, 'Cash', NULL, '2018-12-01 00:05:24', '2018-12-04 00:21:05'),
(148, 'ppr-20181204-065932', 1, 23, NULL, 1, 500, 500, 'Cash', NULL, '2018-12-04 00:59:32', '2018-12-04 00:59:44'),
(149, 'ppr-20181205-053443', 1, 25, NULL, 1, 4450, 550, 'Cash', NULL, '2018-12-04 23:34:43', '2018-12-04 23:34:43'),
(150, 'spr-20181205-053608', 1, NULL, 98, 1, 800, 200, 'Cash', NULL, '2018-12-04 23:36:08', '2018-12-04 23:36:08'),
(151, 'spr-20181205-053724', 1, NULL, 99, 1, 800, 0, 'Cash', NULL, '2018-12-04 23:37:24', '2018-12-04 23:37:24'),
(152, 'spr-20181208-062032', 1, NULL, 101, 1, 100, 400, 'Cash', NULL, '2018-12-08 00:20:32', '2018-12-11 03:19:39'),
(157, 'ppr-20181220-063439', 1, 27, NULL, 1, 10, 0, 'Cash', NULL, '2018-12-20 00:34:39', '2018-12-20 00:35:01'),
(159, 'spr-20181224-045832', 1, NULL, 103, 1, 120, 0, 'Cash', NULL, '2018-12-23 22:58:32', '2018-12-23 22:58:32'),
(160, 'spr-20190101-054544', 1, NULL, 105, 1, 21, 0, 'Cash', NULL, '2018-12-31 23:45:44', '2018-12-31 23:45:44'),
(161, 'spr-20190101-091040', 1, NULL, 106, 1, 860, 0, 'Cash', NULL, '2019-01-01 03:10:40', '2019-01-01 03:10:40'),
(162, 'spr-20190103-065627', 1, NULL, 107, 1, 5040, 960, 'Cash', NULL, '2019-01-03 00:56:27', '2019-01-03 00:56:27'),
(163, 'spr-20190120-035824', 1, NULL, 108, 1, 120, 0, 'Cash', NULL, '2019-01-20 09:58:24', '2019-01-20 09:58:24'),
(164, 'ppr-20190129-100302', 9, 36, NULL, 1, 650, 350, 'Cash', NULL, '2019-01-29 04:03:02', '2019-01-29 04:03:02'),
(165, 'ppr-20190129-100324', 9, 34, NULL, 1, 2860, 140, 'Cash', NULL, '2019-01-29 04:03:24', '2019-01-29 04:03:24'),
(166, 'spr-20190129-101451', 9, NULL, 109, 1, 540, 460, 'Cash', NULL, '2019-01-29 04:14:51', '2019-01-29 04:14:51'),
(167, 'spr-20190129-115048', 9, NULL, 110, 1, 1700, 300, 'Cash', NULL, '2019-01-29 05:50:48', '2019-01-29 05:50:48'),
(168, 'spr-20190131-110839', 9, NULL, 111, 1, 271, 0, 'Cash', NULL, '2019-01-31 05:08:39', '2019-01-31 05:08:39'),
(169, 'spr-20190202-104045', 1, NULL, 112, 1, 440, 0, 'Cash', NULL, '2019-02-02 04:40:45', '2019-02-02 04:40:45'),
(170, 'spr-20190202-114117', 1, NULL, 113, 1, 350, 0, 'Cash', NULL, '2019-02-02 05:41:17', '2019-02-02 05:41:17'),
(171, 'spr-20190205-030454', 1, NULL, 114, 1, 440, 0, 'Cash', NULL, '2019-02-05 09:04:54', '2019-02-05 09:04:54'),
(176, 'ppr-20190207-125418', 1, 35, NULL, 1, 50, 50, 'Cash', NULL, '2019-02-07 06:54:18', '2019-02-07 07:05:23'),
(178, 'ppr-20190207-010640', 1, 35, NULL, 1, 50, 50, 'Cheque', NULL, '2019-02-07 07:06:40', '2019-02-07 07:07:04'),
(179, 'spr-20190207-010915', 1, NULL, 120, 1, 50, 50, 'Cash', NULL, '2019-02-07 07:09:15', '2019-02-07 07:09:15'),
(180, 'spr-20190209-104816', 1, NULL, 121, 1, 1272, 728, 'Cash', NULL, '2019-02-09 04:48:16', '2019-02-09 04:48:16'),
(181, 'ppr-20190209-104940', 1, 38, NULL, 1, 1660, 0, 'Cash', NULL, '2019-02-09 04:49:40', '2019-02-09 04:49:40'),
(182, 'ppr-20190209-104959', 1, 39, NULL, 1, 973.5, 0, 'Cash', NULL, '2019-02-09 04:49:59', '2019-02-09 04:49:59'),
(183, 'spr-20190219-023214', 1, NULL, 123, 1, 440, 0, 'Cash', NULL, '2019-02-19 08:32:14', '2019-02-19 08:32:14'),
(189, 'spr-20190303-104010', 1, NULL, 127, 1, 2500, 0, 'Cash', NULL, '2019-03-03 04:40:10', '2019-03-03 04:40:10'),
(190, 'ppr-20190303-104046', 1, 40, NULL, 1, 100, 0, 'Cash', NULL, '2019-03-03 04:40:46', '2019-03-03 04:40:46'),
(191, 'ppr-20190303-104222', 1, 37, NULL, 1, 4000, 0, 'Cash', NULL, '2019-03-03 04:42:22', '2019-03-03 04:42:22'),
(192, 'ppr-20190303-104414', 1, 41, NULL, 1, 1000, 0, 'Cash', NULL, '2019-03-03 04:44:14', '2019-03-03 04:44:14'),
(193, 'spr-20190404-095555', 1, NULL, 128, 1, 560, 0, 'Cash', NULL, '2019-04-04 03:55:55', '2019-04-04 03:55:55'),
(194, 'ppr-20190404-095910', 1, 42, NULL, 1, 300, 200, 'Cash', NULL, '2019-04-04 03:59:10', '2019-04-13 10:52:38'),
(195, 'spr-20190404-095937', 1, NULL, 129, 1, 120, 0, 'Cash', NULL, '2019-04-04 03:59:37', '2019-04-04 03:59:37'),
(196, 'spr-20190421-122124', 1, NULL, 130, 1, 586, 0, 'Cash', NULL, '2019-04-21 06:21:24', '2019-04-21 06:21:24'),
(197, 'spr-20190528-103229', 1, NULL, 131, 1, 2890, 0, 'Cash', NULL, '2019-05-28 04:32:29', '2019-05-28 04:32:29'),
(198, 'ppr-20190613-101351', 1, 37, NULL, 1, 2390, 0, 'Cash', NULL, '2019-06-13 04:13:51', '2019-06-13 04:13:51'),
(199, 'spr-20190613-101637', 1, NULL, 132, 1, 840, 0, 'Cash', NULL, '2019-06-13 04:16:37', '2019-06-13 04:16:37'),
(200, 'ppr-20190613-101713', 1, 43, NULL, 1, 1000, 0, 'Cash', NULL, '2019-06-13 04:17:13', '2019-06-13 04:17:13'),
(201, 'spr-20190613-101752', 1, NULL, 133, 1, 2700, 0, 'Cash', NULL, '2019-06-13 04:17:52', '2019-06-13 04:17:52'),
(202, 'ppr-20191019-032925', 1, 43, NULL, 1, 3290, 710, 'Cash', NULL, '2019-10-19 09:29:25', '2019-10-19 09:29:25'),
(203, 'spr-20191019-033028', 1, NULL, 134, 1, 2940, 60, 'Cash', NULL, '2019-10-19 09:30:28', '2019-10-19 09:30:28'),
(205, 'spr-20191103-114044', 1, NULL, 139, 1, 488, 12, 'Cash', NULL, '2019-11-03 05:40:44', '2019-11-03 05:40:44'),
(206, 'ppr-20191103-114222', 1, 46, NULL, 1, 200, 0, 'Cash', NULL, '2019-11-03 05:42:22', '2019-11-03 05:42:22'),
(211, 'spr-20191109-074131', 1, NULL, 144, 1, 1220, 0, 'Cash', NULL, '2019-11-09 13:41:31', '2019-11-09 13:41:31'),
(216, 'ppr-20191111-103911', 1, 49, NULL, 1, 5000, 0, 'Cheque', NULL, '2019-11-11 04:39:11', '2019-11-11 04:39:11'),
(217, 'spr-20191111-104008', 1, NULL, 147, 1, 2220, 780, 'Cash', NULL, '2019-11-11 04:40:08', '2019-11-11 04:40:08'),
(222, 'spr-20191203-115128', 1, NULL, 163, 1, 3, 0, 'Cash', NULL, '2019-12-03 05:51:28', '2019-12-03 05:51:28'),
(227, 'ppr-20191204-111124', 1, 57, NULL, 1, 220, 280, 'Cash', NULL, '2019-12-04 17:11:24', '2019-12-04 17:11:24'),
(228, 'spr-20191205-092712', 1, NULL, 173, 1, 621, 0, 'Cash', NULL, '2019-12-05 03:27:12', '2019-12-05 03:27:12'),
(239, 'spr-20191222-104058', 1, NULL, 187, 1, 288, 212, 'Cash', NULL, '2019-12-22 04:40:58', '2019-12-22 04:40:58'),
(241, 'spr-20191223-125946', 1, NULL, 190, 1, 1100, 400, 'Cash', NULL, '2019-12-23 06:59:46', '2019-12-23 06:59:46'),
(244, 'ppr-20200101-010750', 1, 61, NULL, 1, 60, 0, 'Cash', NULL, '2020-01-01 07:07:50', '2020-01-01 07:07:50'),
(246, 'spr-20200101-022028', 1, NULL, 193, 1, 1100, 400, 'Cash', NULL, '2020-01-01 08:20:28', '2020-01-01 08:20:28'),
(247, 'ppr-20200101-022131', 1, 59, NULL, 1, 6, 0, 'Cash', NULL, '2020-01-01 08:21:31', '2020-01-01 08:21:31'),
(248, 'ppr-20200101-022137', 1, 58, NULL, 1, 4, 0, 'Cash', NULL, '2020-01-01 08:21:37', '2020-01-01 08:21:37'),
(249, 'ppr-20200101-022144', 1, 56, NULL, 1, 2, 0, 'Cash', NULL, '2020-01-01 08:21:44', '2020-01-01 08:21:44'),
(250, 'ppr-20200101-022152', 1, 55, NULL, 1, 4, 0, 'Cash', NULL, '2020-01-01 08:21:52', '2020-01-01 08:21:52'),
(251, 'ppr-20200101-022225', 1, 49, NULL, 1, 2000, 0, 'Cash', NULL, '2020-01-01 08:22:25', '2020-01-01 08:22:25'),
(252, 'spr-20200102-043947', 1, NULL, 194, 1, 892, 108, 'Cash', NULL, '2020-01-02 10:39:47', '2020-01-02 10:39:47'),
(258, 'spr-20200203-035256', 1, NULL, 201, 1, 120, 880, 'Cash', NULL, '2020-02-03 09:52:56', '2020-02-03 09:52:56'),
(259, 'spr-20200204-105853', 1, NULL, 202, 1, 1400, 100, 'Cash', NULL, '2020-02-04 16:58:53', '2020-02-04 16:58:53'),
(260, 'ppr-20200204-110050', 1, 67, NULL, 1, 300, 0, 'Cash', NULL, '2020-02-04 17:00:50', '2020-02-04 17:00:50'),
(261, 'spr-20200302-115414', 1, NULL, 203, 1, 350, 150, 'Cash', NULL, '2020-03-02 05:54:14', '2020-03-02 05:54:14'),
(262, 'spr-20200302-115741', 1, NULL, 204, 1, 40, 10, 'Cash', NULL, '2020-03-02 05:57:41', '2020-03-02 05:57:41'),
(263, 'ppr-20200302-115811', 1, 70, NULL, 1, 50, 0, 'Cash', NULL, '2020-03-02 05:58:11', '2020-03-02 05:58:11'),
(264, 'ppr-20200302-115820', 1, 69, NULL, 1, 50, 0, 'Cash', NULL, '2020-03-02 05:58:20', '2020-03-02 05:58:20'),
(265, 'spr-20200311-044642', 1, NULL, 205, 1, 352, 148, 'Cash', NULL, '2020-03-11 10:46:42', '2020-03-11 10:46:42'),
(266, 'ppr-20200406-073823', 1, 71, NULL, 1, 2000, 1000, 'Cash', 'First Payment', '2020-04-06 13:38:23', '2020-04-06 13:38:55'),
(267, 'spr-20200406-074024', 1, NULL, 207, 1, 500, 500, 'Cash', NULL, '2020-04-06 13:40:24', '2020-04-06 13:40:24'),
(268, 'spr-20200406-074201', 1, NULL, 207, 1, 144, 56, 'Cash', NULL, '2020-04-06 13:42:01', '2020-04-06 13:42:01'),
(269, 'spr-20200504-041640', 1, NULL, 208, 1, 880, 0, 'Cash', NULL, '2020-05-04 14:16:40', '2020-05-04 14:16:40'),
(270, 'spr-20200505-042648', 1, NULL, 209, 1, 2086, 0, 'Cash', NULL, '2020-05-05 14:26:48', '2020-05-05 14:26:48'),
(271, 'spr-20200506-052923', 1, NULL, 211, 1, 25300, 0, 'Cash', NULL, '2020-05-06 15:29:23', '2020-05-06 15:29:23'),
(272, 'spr-20200506-053037', 1, NULL, 212, 1, 111100, 0, 'Cash', NULL, '2020-05-06 15:30:37', '2020-05-06 15:30:37'),
(273, 'spr-20200510-023328', 1, NULL, 213, 1, 440, 0, 'Cash', NULL, '2020-05-10 00:33:28', '2020-05-10 00:33:28'),
(274, 'spr-20200603-045837', 1, NULL, 214, 1, 2420, 0, 'Cash', NULL, '2020-06-03 02:58:37', '2020-06-03 02:58:37'),
(275, 'spr-20200603-052020', 1, NULL, 215, 1, 332.7, 247.3, 'Cash', NULL, '2020-06-03 03:20:20', '2020-06-03 03:20:20'),
(276, 'spr-20200603-065825', 1, NULL, 216, 1, 500, 0, 'Cash', NULL, '2020-06-03 04:58:25', '2020-06-03 04:59:40'),
(277, 'spr-20200604-013544', 1, NULL, 217, 1, 1502, 0, 'Cash', NULL, '2020-06-03 23:35:44', '2020-06-03 23:35:44'),
(279, 'ppr-20200605-092149', 1, 82, NULL, 1, 50, 0, 'Cash', NULL, '2020-06-05 07:21:49', '2020-06-05 07:21:49'),
(280, 'ppr-20200607-043109', 1, 83, NULL, 1, 4202, 0, 'Cash', NULL, '2020-06-07 14:31:09', '2020-06-07 14:31:09'),
(283, 'spr-20200608-072211', 1, NULL, 222, 1, 1370, 0, 'Cash', NULL, '2020-06-08 05:22:11', '2020-06-08 05:22:11'),
(284, 'spr-20200608-042122', 1, NULL, 223, 1, 122, 0, 'Cash', NULL, '2020-06-08 02:21:22', '2020-06-08 02:21:22'),
(285, 'spr-20200608-112714', 1, NULL, 224, 1, 486, 0, 'Cash', NULL, '2020-06-08 09:27:14', '2020-06-08 09:27:14'),
(286, 'spr-20200629-034259', 1, NULL, 225, 1, 3031, 0, 'Cash', NULL, '2020-06-29 13:42:59', '2020-06-29 13:42:59'),
(287, 'spr-20200802-112538', 1, NULL, 226, 1, 4110, 0, 'Cash', NULL, '2020-08-02 21:25:38', '2020-08-02 21:25:38'),
(288, 'spr-20201202-115423', 1, NULL, 227, 1, 5480, 0, 'Cash', NULL, '2020-12-02 21:54:23', '2020-12-02 21:54:23'),
(289, 'spr-20201207-122213', 1, NULL, 229, 1, 615, 0, 'Cash', NULL, '2020-12-07 10:22:13', '2020-12-07 10:22:13'),
(290, 'spr-20201213-093024', 1, NULL, 230, 1, 6925, 0, 'Cash', NULL, '2020-12-13 07:30:24', '2020-12-13 07:30:24'),
(291, 'spr-20201213-110057', 1, NULL, 231, 1, 258, 0, 'Cash', NULL, '2020-12-13 09:00:57', '2020-12-13 09:00:57');

-- --------------------------------------------------------

--
-- Table structure for table `payment_with_cheque`
--

CREATE TABLE `payment_with_cheque` (
  `id` int(10) UNSIGNED NOT NULL,
  `payment_id` int(11) NOT NULL,
  `cheque_no` varchar(191) COLLATE utf8mb4_unicode_ci NOT NULL,
  `created_at` timestamp NULL DEFAULT NULL,
  `updated_at` timestamp NULL DEFAULT NULL
) ENGINE=InnoDB DEFAULT CHARSET=utf8mb4 COLLATE=utf8mb4_unicode_ci;

--
-- Dumping data for table `payment_with_cheque`
--

INSERT INTO `payment_with_cheque` (`id`, `payment_id`, `cheque_no`, `created_at`, `updated_at`) VALUES
(1, 19, '23425235235', '2018-07-01 03:09:48', '2018-07-01 03:09:48'),
(2, 24, '3123123123', '2018-07-10 01:21:32', '2018-07-10 01:21:32'),
(3, 31, '767867678', '2018-08-08 10:36:22', '2018-08-08 10:36:22'),
(4, 34, '3123412', '2018-08-08 23:55:54', '2018-08-08 23:55:54'),
(5, 35, '7765', '2018-08-09 00:32:14', '2018-08-09 00:32:14'),
(6, 44, '3124142412', '2018-08-30 03:07:18', '2018-08-30 03:07:18'),
(7, 51, '6576764646', '2018-09-03 04:08:21', '2018-09-03 04:08:21'),
(8, 53, '111111111', '2018-09-03 04:15:24', '2018-09-03 04:15:24'),
(9, 79, '1111', '2018-10-06 00:51:55', '2018-10-06 00:51:55'),
(10, 147, '221133', '2018-12-04 00:58:35', '2018-12-04 00:58:35'),
(11, 175, '1111', '2019-02-07 06:38:23', '2019-02-07 06:38:23'),
(12, 176, '1111', '2019-02-07 06:54:59', '2019-02-07 06:54:59'),
(13, 178, '420', '2019-02-07 07:07:04', '2019-02-07 07:07:04'),
(14, 216, '12344321', '2019-11-11 04:39:11', '2019-11-11 04:39:11');

-- --------------------------------------------------------

--
-- Table structure for table `payment_with_credit_card`
--

CREATE TABLE `payment_with_credit_card` (
  `id` int(10) UNSIGNED NOT NULL,
  `payment_id` int(11) NOT NULL,
  `customer_id` int(11) DEFAULT NULL,
  `customer_stripe_id` varchar(191) COLLATE utf8mb4_unicode_ci DEFAULT NULL,
  `charge_id` varchar(191) COLLATE utf8mb4_unicode_ci NOT NULL,
  `created_at` timestamp NULL DEFAULT NULL,
  `updated_at` timestamp NULL DEFAULT NULL
) ENGINE=InnoDB DEFAULT CHARSET=utf8mb4 COLLATE=utf8mb4_unicode_ci;

-- --------------------------------------------------------

--
-- Table structure for table `payment_with_gift_card`
--

CREATE TABLE `payment_with_gift_card` (
  `id` int(10) UNSIGNED NOT NULL,
  `payment_id` int(11) NOT NULL,
  `gift_card_id` int(11) NOT NULL,
  `created_at` timestamp NULL DEFAULT NULL,
  `updated_at` timestamp NULL DEFAULT NULL
) ENGINE=InnoDB DEFAULT CHARSET=utf8mb4 COLLATE=utf8mb4_unicode_ci;

--
-- Dumping data for table `payment_with_gift_card`
--

INSERT INTO `payment_with_gift_card` (`id`, `payment_id`, `gift_card_id`, `created_at`, `updated_at`) VALUES
(1, 36, 2, '2018-08-24 21:48:36', '2018-08-25 00:57:35'),
(4, 39, 1, '2018-08-25 02:36:34', '2018-08-25 02:36:34'),
(6, 50, 1, '2018-09-02 23:01:38', '2018-09-02 23:01:38');

-- --------------------------------------------------------

--
-- Table structure for table `payment_with_paypal`
--

CREATE TABLE `payment_with_paypal` (
  `id` int(10) UNSIGNED NOT NULL,
  `payment_id` int(11) NOT NULL,
  `transaction_id` varchar(191) COLLATE utf8mb4_unicode_ci NOT NULL,
  `created_at` timestamp NULL DEFAULT NULL,
  `updated_at` timestamp NULL DEFAULT NULL
) ENGINE=InnoDB DEFAULT CHARSET=utf8mb4 COLLATE=utf8mb4_unicode_ci;

-- --------------------------------------------------------

--
-- Table structure for table `payrolls`
--

CREATE TABLE `payrolls` (
  `id` int(10) UNSIGNED NOT NULL,
  `reference_no` varchar(191) COLLATE utf8mb4_unicode_ci NOT NULL,
  `employee_id` int(11) NOT NULL,
  `account_id` int(11) NOT NULL,
  `user_id` int(11) NOT NULL,
  `amount` double NOT NULL,
  `paying_method` varchar(191) COLLATE utf8mb4_unicode_ci NOT NULL,
  `note` text COLLATE utf8mb4_unicode_ci,
  `created_at` timestamp NULL DEFAULT NULL,
  `updated_at` timestamp NULL DEFAULT NULL
) ENGINE=InnoDB DEFAULT CHARSET=utf8mb4 COLLATE=utf8mb4_unicode_ci;

--
-- Dumping data for table `payrolls`
--

INSERT INTO `payrolls` (`id`, `reference_no`, `employee_id`, `account_id`, `user_id`, `amount`, `paying_method`, `note`, `created_at`, `updated_at`) VALUES
(8, 'payroll-20190101-055231', 1, 1, 1, 100, '0', NULL, '2018-12-31 23:52:31', '2018-12-31 23:52:31'),
(9, 'payroll-20191204-113802', 1, 1, 1, 10000, '0', NULL, '2019-12-04 17:38:02', '2019-12-04 17:38:02');

-- --------------------------------------------------------

--
-- Table structure for table `permissions`
--

CREATE TABLE `permissions` (
  `id` int(10) UNSIGNED NOT NULL,
  `name` varchar(191) COLLATE utf8mb4_unicode_ci NOT NULL,
  `guard_name` varchar(191) COLLATE utf8mb4_unicode_ci NOT NULL,
  `created_at` timestamp NULL DEFAULT NULL,
  `updated_at` timestamp NULL DEFAULT NULL
) ENGINE=InnoDB DEFAULT CHARSET=utf8mb4 COLLATE=utf8mb4_unicode_ci;

--
-- Dumping data for table `permissions`
--

INSERT INTO `permissions` (`id`, `name`, `guard_name`, `created_at`, `updated_at`) VALUES
(4, 'products-edit', 'web', '2018-06-03 01:00:09', '2018-06-03 01:00:09'),
(5, 'products-delete', 'web', '2018-06-03 22:54:22', '2018-06-03 22:54:22'),
(6, 'products-add', 'web', '2018-06-04 00:34:14', '2018-06-04 00:34:14'),
(7, 'products-index', 'web', '2018-06-04 03:34:27', '2018-06-04 03:34:27'),
(8, 'purchases-index', 'web', '2018-06-04 08:03:19', '2018-06-04 08:03:19'),
(9, 'purchases-add', 'web', '2018-06-04 08:12:25', '2018-06-04 08:12:25'),
(10, 'purchases-edit', 'web', '2018-06-04 09:47:36', '2018-06-04 09:47:36'),
(11, 'purchases-delete', 'web', '2018-06-04 09:47:36', '2018-06-04 09:47:36'),
(12, 'sales-index', 'web', '2018-06-04 10:49:08', '2018-06-04 10:49:08'),
(13, 'sales-add', 'web', '2018-06-04 10:49:52', '2018-06-04 10:49:52'),
(14, 'sales-edit', 'web', '2018-06-04 10:49:52', '2018-06-04 10:49:52'),
(15, 'sales-delete', 'web', '2018-06-04 10:49:53', '2018-06-04 10:49:53'),
(16, 'quotes-index', 'web', '2018-06-04 22:05:10', '2018-06-04 22:05:10'),
(17, 'quotes-add', 'web', '2018-06-04 22:05:10', '2018-06-04 22:05:10'),
(18, 'quotes-edit', 'web', '2018-06-04 22:05:10', '2018-06-04 22:05:10'),
(19, 'quotes-delete', 'web', '2018-06-04 22:05:10', '2018-06-04 22:05:10'),
(20, 'transfers-index', 'web', '2018-06-04 22:30:03', '2018-06-04 22:30:03'),
(21, 'transfers-add', 'web', '2018-06-04 22:30:03', '2018-06-04 22:30:03'),
(22, 'transfers-edit', 'web', '2018-06-04 22:30:03', '2018-06-04 22:30:03'),
(23, 'transfers-delete', 'web', '2018-06-04 22:30:03', '2018-06-04 22:30:03'),
(24, 'returns-index', 'web', '2018-06-04 22:50:24', '2018-06-04 22:50:24'),
(25, 'returns-add', 'web', '2018-06-04 22:50:24', '2018-06-04 22:50:24'),
(26, 'returns-edit', 'web', '2018-06-04 22:50:25', '2018-06-04 22:50:25'),
(27, 'returns-delete', 'web', '2018-06-04 22:50:25', '2018-06-04 22:50:25'),
(28, 'customers-index', 'web', '2018-06-04 23:15:54', '2018-06-04 23:15:54'),
(29, 'customers-add', 'web', '2018-06-04 23:15:55', '2018-06-04 23:15:55'),
(30, 'customers-edit', 'web', '2018-06-04 23:15:55', '2018-06-04 23:15:55'),
(31, 'customers-delete', 'web', '2018-06-04 23:15:55', '2018-06-04 23:15:55'),
(32, 'suppliers-index', 'web', '2018-06-04 23:40:12', '2018-06-04 23:40:12'),
(33, 'suppliers-add', 'web', '2018-06-04 23:40:12', '2018-06-04 23:40:12'),
(34, 'suppliers-edit', 'web', '2018-06-04 23:40:12', '2018-06-04 23:40:12'),
(35, 'suppliers-delete', 'web', '2018-06-04 23:40:12', '2018-06-04 23:40:12'),
(36, 'product-report', 'web', '2018-06-24 23:05:33', '2018-06-24 23:05:33'),
(37, 'purchase-report', 'web', '2018-06-24 23:24:56', '2018-06-24 23:24:56'),
(38, 'sale-report', 'web', '2018-06-24 23:33:13', '2018-06-24 23:33:13'),
(39, 'customer-report', 'web', '2018-06-24 23:36:51', '2018-06-24 23:36:51'),
(40, 'due-report', 'web', '2018-06-24 23:39:52', '2018-06-24 23:39:52'),
(41, 'users-index', 'web', '2018-06-25 00:00:10', '2018-06-25 00:00:10'),
(42, 'users-add', 'web', '2018-06-25 00:00:10', '2018-06-25 00:00:10'),
(43, 'users-edit', 'web', '2018-06-25 00:01:30', '2018-06-25 00:01:30'),
(44, 'users-delete', 'web', '2018-06-25 00:01:30', '2018-06-25 00:01:30'),
(45, 'profit-loss', 'web', '2018-07-14 21:50:05', '2018-07-14 21:50:05'),
(46, 'best-seller', 'web', '2018-07-14 22:01:38', '2018-07-14 22:01:38'),
(47, 'daily-sale', 'web', '2018-07-14 22:24:21', '2018-07-14 22:24:21'),
(48, 'monthly-sale', 'web', '2018-07-14 22:30:41', '2018-07-14 22:30:41'),
(49, 'daily-purchase', 'web', '2018-07-14 22:36:46', '2018-07-14 22:36:46'),
(50, 'monthly-purchase', 'web', '2018-07-14 22:48:17', '2018-07-14 22:48:17'),
(51, 'payment-report', 'web', '2018-07-14 23:10:41', '2018-07-14 23:10:41'),
(52, 'warehouse-stock-report', 'web', '2018-07-14 23:16:55', '2018-07-14 23:16:55'),
(53, 'product-qty-alert', 'web', '2018-07-14 23:33:21', '2018-07-14 23:33:21'),
(54, 'supplier-report', 'web', '2018-07-30 03:00:01', '2018-07-30 03:00:01'),
(55, 'expenses-index', 'web', '2018-09-05 01:07:10', '2018-09-05 01:07:10'),
(56, 'expenses-add', 'web', '2018-09-05 01:07:10', '2018-09-05 01:07:10'),
(57, 'expenses-edit', 'web', '2018-09-05 01:07:10', '2018-09-05 01:07:10'),
(58, 'expenses-delete', 'web', '2018-09-05 01:07:11', '2018-09-05 01:07:11'),
(59, 'general_setting', 'web', '2018-10-19 23:10:04', '2018-10-19 23:10:04'),
(60, 'mail_setting', 'web', '2018-10-19 23:10:04', '2018-10-19 23:10:04'),
(61, 'pos_setting', 'web', '2018-10-19 23:10:04', '2018-10-19 23:10:04'),
(62, 'hrm_setting', 'web', '2019-01-02 10:30:23', '2019-01-02 10:30:23'),
(63, 'purchase-return-index', 'web', '2019-01-02 21:45:14', '2019-01-02 21:45:14'),
(64, 'purchase-return-add', 'web', '2019-01-02 21:45:14', '2019-01-02 21:45:14'),
(65, 'purchase-return-edit', 'web', '2019-01-02 21:45:14', '2019-01-02 21:45:14'),
(66, 'purchase-return-delete', 'web', '2019-01-02 21:45:14', '2019-01-02 21:45:14'),
(67, 'account-index', 'web', '2019-01-02 22:06:13', '2019-01-02 22:06:13'),
(68, 'balance-sheet', 'web', '2019-01-02 22:06:14', '2019-01-02 22:06:14'),
(69, 'account-statement', 'web', '2019-01-02 22:06:14', '2019-01-02 22:06:14'),
(70, 'department', 'web', '2019-01-02 22:30:01', '2019-01-02 22:30:01'),
(71, 'attendance', 'web', '2019-01-02 22:30:01', '2019-01-02 22:30:01'),
(72, 'payroll', 'web', '2019-01-02 22:30:01', '2019-01-02 22:30:01'),
(73, 'employees-index', 'web', '2019-01-02 22:52:19', '2019-01-02 22:52:19'),
(74, 'employees-add', 'web', '2019-01-02 22:52:19', '2019-01-02 22:52:19'),
(75, 'employees-edit', 'web', '2019-01-02 22:52:19', '2019-01-02 22:52:19'),
(76, 'employees-delete', 'web', '2019-01-02 22:52:19', '2019-01-02 22:52:19'),
(77, 'user-report', 'web', '2019-01-16 06:48:18', '2019-01-16 06:48:18'),
(78, 'stock_count', 'web', '2019-02-17 10:32:01', '2019-02-17 10:32:01'),
(79, 'adjustment', 'web', '2019-02-17 10:32:02', '2019-02-17 10:32:02'),
(80, 'sms_setting', 'web', '2019-02-22 05:18:03', '2019-02-22 05:18:03'),
(81, 'create_sms', 'web', '2019-02-22 05:18:03', '2019-02-22 05:18:03'),
(82, 'print_barcode', 'web', '2019-03-07 05:02:19', '2019-03-07 05:02:19'),
(83, 'empty_database', 'web', '2019-03-07 05:02:19', '2019-03-07 05:02:19'),
(84, 'customer_group', 'web', '2019-03-07 05:37:15', '2019-03-07 05:37:15'),
(85, 'unit', 'web', '2019-03-07 05:37:15', '2019-03-07 05:37:15'),
(86, 'tax', 'web', '2019-03-07 05:37:15', '2019-03-07 05:37:15'),
(87, 'gift_card', 'web', '2019-03-07 06:29:38', '2019-03-07 06:29:38'),
(88, 'coupon', 'web', '2019-03-07 06:29:38', '2019-03-07 06:29:38'),
(89, 'holiday', 'web', '2019-10-19 08:57:15', '2019-10-19 08:57:15'),
(90, 'warehouse-report', 'web', '2019-10-22 06:00:23', '2019-10-22 06:00:23'),
(91, 'warehouse', 'web', '2020-02-26 06:47:32', '2020-02-26 06:47:32'),
(92, 'brand', 'web', '2020-02-26 06:59:59', '2020-02-26 06:59:59'),
(93, 'billers-index', 'web', '2020-02-26 07:11:15', '2020-02-26 07:11:15'),
(94, 'billers-add', 'web', '2020-02-26 07:11:15', '2020-02-26 07:11:15'),
(95, 'billers-edit', 'web', '2020-02-26 07:11:15', '2020-02-26 07:11:15'),
(96, 'billers-delete', 'web', '2020-02-26 07:11:15', '2020-02-26 07:11:15'),
(97, 'money-transfer', 'web', '2020-03-02 05:41:48', '2020-03-02 05:41:48');

-- --------------------------------------------------------

--
-- Table structure for table `pos_setting`
--

CREATE TABLE `pos_setting` (
  `id` int(11) NOT NULL,
  `customer_id` int(11) NOT NULL,
  `warehouse_id` int(11) NOT NULL,
  `biller_id` int(11) NOT NULL,
  `product_number` int(11) NOT NULL,
  `keybord_active` tinyint(1) NOT NULL,
  `stripe_public_key` varchar(191) COLLATE utf8mb4_unicode_ci DEFAULT NULL,
  `stripe_secret_key` varchar(191) COLLATE utf8mb4_unicode_ci NOT NULL,
  `created_at` timestamp NULL DEFAULT NULL,
  `updated_at` timestamp NULL DEFAULT NULL
) ENGINE=InnoDB DEFAULT CHARSET=utf8mb4 COLLATE=utf8mb4_unicode_ci;

--
-- Dumping data for table `pos_setting`
--

INSERT INTO `pos_setting` (`id`, `customer_id`, `warehouse_id`, `biller_id`, `product_number`, `keybord_active`, `stripe_public_key`, `stripe_secret_key`, `created_at`, `updated_at`) VALUES
(1, 11, 1, 1, 5, 1, 'pk_test_ITN7KOYiIsHSCQ0UMRcgaYUB', 'sk_test_TtQQaawhEYRwa3mU9CzttrEy', '2018-09-02 03:17:04', '2020-06-28 16:30:23');

-- --------------------------------------------------------

--
-- Table structure for table `products`
--

CREATE TABLE `products` (
  `id` int(10) UNSIGNED NOT NULL,
  `name` varchar(191) COLLATE utf8mb4_unicode_ci NOT NULL,
  `code` varchar(191) COLLATE utf8mb4_unicode_ci NOT NULL,
  `type` varchar(191) COLLATE utf8mb4_unicode_ci NOT NULL,
  `barcode_symbology` varchar(191) COLLATE utf8mb4_unicode_ci NOT NULL,
  `brand_id` int(11) DEFAULT NULL,
  `category_id` int(11) NOT NULL,
  `unit_id` int(11) NOT NULL,
  `purchase_unit_id` int(11) NOT NULL,
  `sale_unit_id` int(11) NOT NULL,
  `cost` varchar(191) COLLATE utf8mb4_unicode_ci NOT NULL,
  `price` varchar(191) COLLATE utf8mb4_unicode_ci NOT NULL,
  `qty` double DEFAULT NULL,
  `alert_quantity` double DEFAULT NULL,
  `promotion` tinyint(4) DEFAULT NULL,
  `promotion_price` varchar(191) COLLATE utf8mb4_unicode_ci DEFAULT NULL,
  `starting_date` varchar(200) COLLATE utf8mb4_unicode_ci DEFAULT NULL,
  `last_date` date DEFAULT NULL,
  `tax_id` int(11) DEFAULT NULL,
  `tax_method` int(11) DEFAULT NULL,
  `image` longtext COLLATE utf8mb4_unicode_ci,
  `file` varchar(191) COLLATE utf8mb4_unicode_ci DEFAULT NULL,
  `is_variant` tinyint(1) DEFAULT NULL,
  `featured` tinyint(4) DEFAULT NULL,
  `product_list` varchar(191) COLLATE utf8mb4_unicode_ci DEFAULT NULL,
  `qty_list` varchar(191) COLLATE utf8mb4_unicode_ci DEFAULT NULL,
  `price_list` varchar(191) COLLATE utf8mb4_unicode_ci DEFAULT NULL,
  `product_details` text COLLATE utf8mb4_unicode_ci,
  `is_active` tinyint(1) DEFAULT NULL,
  `expiration` date DEFAULT NULL,
  `created_at` timestamp NULL DEFAULT NULL,
  `updated_at` timestamp NULL DEFAULT NULL
) ENGINE=InnoDB DEFAULT CHARSET=utf8mb4 COLLATE=utf8mb4_unicode_ci;

--
-- Dumping data for table `products`
--

INSERT INTO `products` (`id`, `name`, `code`, `type`, `barcode_symbology`, `brand_id`, `category_id`, `unit_id`, `purchase_unit_id`, `sale_unit_id`, `cost`, `price`, `qty`, `alert_quantity`, `promotion`, `promotion_price`, `starting_date`, `last_date`, `tax_id`, `tax_method`, `image`, `file`, `is_variant`, `featured`, `product_list`, `qty_list`, `price_list`, `product_details`, `is_active`, `expiration`, `created_at`, `updated_at`) VALUES
(1, 'Mouse', '63920719', 'standard', 'C39', 4, 3, 1, 1, 1, '320', '400', 209, 20, 1, '350', '2018-07-01', '2018-07-31', 1, 1, 'toponemouse.jpg', NULL, NULL, 1, NULL, NULL, NULL, '<p style=@text-align: center;@>11:11:30 AM<img src=@https://pbs.twimg.com/profile_images/900037286879838208/sZhajgua_400x400.jpg@ alt=@lioncoders@ width=@400@ height=@400@ /><span style=@background-color: #ccffff;@>hello world<br /></span></p>', 1, '2020-05-05', '2018-05-12 22:23:03', '2020-12-13 11:02:54'),
(2, 'mango', '72782608', 'standard', 'C128', NULL, 1, 1, 3, 2, '8', '12', 3083, 100, NULL, NULL, NULL, NULL, 2, 2, 'mango.jpg', NULL, NULL, 1, NULL, NULL, NULL, '', 1, '2020-05-05', '2018-05-12 22:38:31', '2020-12-13 11:02:54'),
(3, 'Earphone', '85415108', 'standard', 'C128', 4, 2, 1, 1, 1, '200', '250', 171, 25, 1, '220', '2018-05-13', '2018-05-31', NULL, 1, 'airphonesamsung.jpg', NULL, NULL, 1, NULL, NULL, NULL, '<p>Earphone with good <strong>sound quality.</strong></p>', 1, '2020-05-05', '2018-05-12 22:39:55', '2020-12-13 11:02:54'),
(4, 'lychee', '38314290', 'standard', 'C128', NULL, 1, 1, 1, 1, '1', '2', 276, 50, NULL, NULL, NULL, NULL, NULL, 1, 'lychee.jpg', NULL, NULL, 1, NULL, NULL, NULL, '<p style=@text-align: center;@><em>sweet lychee from <strong>kalipur</strong>, bashkhali</em></p>', 1, '2020-05-05', '2018-05-23 22:54:56', '2020-12-13 11:02:54'),
(5, 'Baby doll', '31261512', 'standard', 'C128', 3, 4, 1, 1, 1, '100', '120', 109, 50, 1, '100', NULL, NULL, NULL, 1, 'lalacrybabydoll.jpg,1572515542825e4e2e433-e29b-4ca1-abb2-aad995574f2a_1.e4dc9f20c1d8b2999d66556ae0aa1600.jpeg', NULL, NULL, 1, NULL, NULL, NULL, '', 1, '2020-06-30', '2018-05-23 22:58:20', '2020-12-13 07:30:24'),
(6, 'test', '78041363', 'standard', 'C128', NULL, 2, 1, 1, 1, '12', '21', 0, NULL, NULL, NULL, NULL, NULL, NULL, 1, NULL, NULL, NULL, NULL, NULL, NULL, NULL, NULL, 0, '2020-05-05', '2018-05-27 23:50:25', '2018-05-27 23:53:24'),
(10, 'potato', '212132', 'standard', 'C128', NULL, 9, 7, 7, 7, '10', '22', 107, NULL, NULL, NULL, NULL, NULL, NULL, 1, 'potato.jpeg', NULL, NULL, NULL, NULL, NULL, NULL, '', 1, '2020-05-05', '2018-06-25 01:34:53', '2020-06-08 09:27:14'),
(13, 'ldms', '40624536', 'digital', 'C128', NULL, 3, 0, 0, 0, '0', '21', 0, NULL, NULL, NULL, NULL, NULL, NULL, 1, 'ldms.jpg', '1532330693.JPG', NULL, 1, NULL, NULL, NULL, '<p>Amazon Prime 1 Month<br />Price: 300tk</p>\r\n<p>User Ability: Max 2 Mobile User<br />Duration: 1 Month<br />Package: Premium</p>', 1, '2020-05-05', '2018-07-23 01:09:29', '2020-03-07 16:45:01'),
(14, 'ni', '40237871', 'standard', 'C128', NULL, 9, 8, 8, 8, '55', '56', 0, NULL, NULL, NULL, NULL, NULL, NULL, 1, NULL, NULL, NULL, NULL, NULL, NULL, NULL, '', 0, '2020-05-05', '2018-07-31 22:36:51', '2018-07-31 22:41:48'),
(15, 'edawe', 'awd', 'standard', 'C128', NULL, 1, 4, 4, 4, '312', '132', 0, NULL, NULL, NULL, NULL, NULL, NULL, 1, NULL, NULL, NULL, NULL, NULL, NULL, NULL, '', 0, '2020-05-05', '2018-08-05 01:26:19', '2018-08-05 01:27:03'),
(16, 'weq', 'eqw', 'digital', 'C128', NULL, 2, 0, 0, 0, '0', '2', 0, NULL, NULL, NULL, NULL, NULL, NULL, 1, NULL, '1533454125.jpg', NULL, NULL, NULL, NULL, NULL, '', 0, '2020-05-05', '2018-08-05 01:28:45', '2018-08-05 01:29:23'),
(17, 'et', 'wer', 'standard', 'C128', NULL, 2, 4, 4, 4, '12', '21', 0, NULL, NULL, NULL, NULL, NULL, NULL, 1, NULL, NULL, NULL, NULL, NULL, NULL, NULL, '', 0, '2020-05-05', '2018-08-06 04:25:43', '2018-08-06 04:27:41'),
(18, 'wre', 'wre', 'standard', 'C128', NULL, 1, 4, 4, 4, '3', '2', 0, NULL, NULL, NULL, NULL, NULL, NULL, 1, NULL, NULL, NULL, NULL, NULL, NULL, NULL, '', 0, '2020-05-05', '2018-08-06 04:45:42', '2018-08-06 04:57:41'),
(19, 'ewr', 'wer', 'standard', 'C128', NULL, 2, 4, 4, 4, '3', '23', 0, NULL, 1, NULL, '2018-08-06', '2018-08-10', NULL, 1, NULL, NULL, NULL, NULL, NULL, NULL, NULL, '', 0, '2020-05-05', '2018-08-06 05:41:46', '2019-11-28 05:16:47'),
(20, 'dim', '4234', 'standard', 'C128', NULL, 10, 1, 1, 1, '1', '2', 0, NULL, NULL, NULL, NULL, NULL, NULL, 1, NULL, NULL, NULL, NULL, NULL, NULL, NULL, '', 0, '2020-05-05', '2018-08-28 23:37:07', '2018-08-28 23:43:18'),
(21, 'dim', '1', 'standard', 'C128', NULL, 11, 1, 1, 1, '1', '2', 0, NULL, NULL, NULL, NULL, NULL, NULL, 1, NULL, NULL, NULL, NULL, NULL, NULL, NULL, '', 0, '2020-05-05', '2018-08-28 23:49:27', '2018-08-28 23:53:21'),
(22, 'iphone-X', '97103461', 'standard', 'C128', 5, 2, 1, 1, 1, '800', '1000', 22, 20, NULL, NULL, NULL, NULL, 1, 1, 'iphoneX.jpg', NULL, NULL, 1, NULL, NULL, NULL, '', 1, '2020-05-05', '2018-09-03 04:05:17', '2020-05-06 15:30:37'),
(23, 'qwq', '1237920612311a', 'standard', 'C39', NULL, 2, 1, 1, 1, '1', '2', 0, NULL, NULL, NULL, NULL, NULL, NULL, 1, NULL, NULL, NULL, NULL, NULL, NULL, NULL, '', 0, '2020-05-05', '2018-09-10 23:53:18', '2018-09-10 23:56:04'),
(24, 'chocolate', '84802317', 'standard', 'C128', NULL, 9, 1, 1, 1, '1', '2', 0, NULL, NULL, NULL, NULL, NULL, NULL, 1, NULL, NULL, NULL, 1, NULL, NULL, NULL, '', 0, '2020-05-05', '2018-09-15 21:42:01', '2018-09-15 22:10:43'),
(25, 'Galaxy S9', '72100265', 'standard', 'C128', NULL, 2, 1, 1, 1, '500', '1000', 17, 50, NULL, NULL, NULL, NULL, 1, 1, 'SamsungGalaxyS9.jpg', NULL, NULL, 1, NULL, NULL, NULL, '', 1, '2020-05-05', '2018-10-23 01:13:22', '2020-12-13 07:30:24'),
(26, 'Samsung Set', '39053411', 'combo', 'C128', 4, 2, 0, 0, 0, '0', '1250', 0, NULL, NULL, NULL, NULL, NULL, NULL, 1, 'zummXD2dvAtI.png', NULL, NULL, NULL, '3,25', '1,1', '250,1000', '', 1, '2020-05-05', '2018-11-19 03:59:06', '2018-11-20 02:12:02'),
(27, 'mixed fruit juice', '24805187', 'combo', 'C128', NULL, 9, 0, 0, 0, '0', '16', 0, NULL, NULL, NULL, NULL, NULL, NULL, 1, 'zummXD2dvAtI.png', NULL, NULL, NULL, '4,2', '3,1', '2,10', '', 0, '2020-05-05', '2018-11-19 09:39:26', '2018-11-24 22:35:51'),
(28, 'ssaaa', 'sasas', 'standard', 'C128', NULL, 2, 1, 1, 2, '1', '2', 0, NULL, NULL, NULL, NULL, NULL, NULL, 1, 'zummXD2dvAtI.png', NULL, NULL, NULL, NULL, NULL, NULL, '', 0, '2020-05-05', '2018-11-20 04:14:12', '2018-11-20 04:34:02'),
(29, 'testcloth', '16055884', 'standard', 'C128', NULL, 4, 10, 10, 10, '10', '15', 0, NULL, NULL, NULL, '2018-11-29', NULL, NULL, 1, 'zummXD2dvAtI.png', NULL, NULL, NULL, NULL, NULL, NULL, '', 0, '2020-05-05', '2018-11-29 03:49:25', '2019-03-01 15:09:27'),
(30, 'Polo Shirt', '53467102', 'standard', 'C128', NULL, 12, 1, 1, 1, '50', '100', 25, 10, NULL, NULL, NULL, NULL, NULL, 1, 'PoloShirt.jpg', NULL, NULL, 1, NULL, NULL, NULL, '', 1, '2020-05-05', '2018-12-04 23:29:43', '2020-12-13 11:02:54'),
(31, 'Shoe', '90471412', 'standard', 'C128', NULL, 12, 1, 1, 1, '250', '300', 22, 10, NULL, NULL, NULL, NULL, NULL, 1, 'Shoe.jpg', NULL, NULL, 1, NULL, NULL, NULL, '', 1, '2020-05-05', '2018-12-04 23:33:09', '2020-12-13 11:02:54'),
(32, 'Toothpaste', '859875003032', 'standard', 'C128', NULL, 12, 1, 1, 1, '5', '10', 26, NULL, NULL, NULL, NULL, NULL, NULL, 1, '1572759415477product-page-fresh-breath.jpg', NULL, NULL, NULL, NULL, NULL, NULL, '', 1, '2020-05-05', '2018-12-18 23:56:08', '2020-12-13 11:02:54'),
(33, 'tissue', '8941161008066', 'standard', 'C128', NULL, 12, 1, 1, 1, '10', '20', 38, NULL, NULL, NULL, NULL, NULL, NULL, 1, 'zummXD2dvAtI.png', NULL, NULL, NULL, NULL, NULL, NULL, '', 1, '2020-05-05', '2018-12-23 23:33:58', '2020-12-13 11:02:54'),
(48, 'T-shirt', '93475396', 'standard', 'C128', NULL, 12, 1, 1, 1, '2', '3', 34, NULL, NULL, NULL, NULL, NULL, NULL, 1, '1577165120189220px-Blue_Tshirt.jpg', NULL, 1, 0, NULL, NULL, NULL, '', 1, '2020-05-05', '2019-11-21 07:03:04', '2020-12-13 11:02:54'),
(49, 'fff', '02825397', 'standard', 'C128', 3, 1, 4, 4, 4, '44', '33', -3, 4, NULL, NULL, NULL, NULL, NULL, 1, 'zummXD2dvAtI.png', NULL, NULL, 0, NULL, NULL, NULL, '<p>gg</p>', 1, '2020-06-28', '2020-06-28 16:18:33', '2020-12-13 11:02:54'),
(50, 'eee', '19600725', 'standard', 'C128', 3, 2, 1, 1, 1, '3', '3', 0, 3, NULL, NULL, NULL, NULL, NULL, 1, 'zummXD2dvAtI.png', NULL, NULL, NULL, NULL, NULL, NULL, '', 1, NULL, '2020-06-28 16:34:17', '2020-06-28 16:34:17'),
(51, 'fffffffs', '3333444', 'standard', 'C128', 3, 2, 1, 1, 1, '3', '3', 0, 3, NULL, NULL, NULL, NULL, NULL, 1, 'zummXD2dvAtI.png', NULL, NULL, NULL, NULL, NULL, NULL, '', 1, NULL, '2020-06-28 16:34:52', '2020-06-28 16:34:52'),
(52, 'ffsaa', '3344444', 'standard', 'C128', 3, 2, 1, 1, 1, '3', '3', 18, 3, NULL, NULL, NULL, NULL, NULL, 1, 'zummXD2dvAtI.png', NULL, NULL, NULL, NULL, NULL, NULL, '', 1, NULL, '2020-06-28 16:35:31', '2020-06-28 16:36:18');

-- --------------------------------------------------------

--
-- Table structure for table `products_quantity`
--

CREATE TABLE `products_quantity` (
  `id` int(255) NOT NULL,
  `qty` double NOT NULL,
  `expiration` date NOT NULL
) ENGINE=InnoDB DEFAULT CHARSET=utf8 COLLATE=utf8_bin;

-- --------------------------------------------------------

--
-- Table structure for table `product_adjustments`
--

CREATE TABLE `product_adjustments` (
  `id` int(10) UNSIGNED NOT NULL,
  `adjustment_id` int(11) NOT NULL,
  `product_id` int(11) NOT NULL,
  `qty` double NOT NULL,
  `action` varchar(191) COLLATE utf8mb4_unicode_ci NOT NULL,
  `created_at` timestamp NULL DEFAULT NULL,
  `updated_at` timestamp NULL DEFAULT NULL
) ENGINE=InnoDB DEFAULT CHARSET=utf8mb4 COLLATE=utf8mb4_unicode_ci;

--
-- Dumping data for table `product_adjustments`
--

INSERT INTO `product_adjustments` (`id`, `adjustment_id`, `product_id`, `qty`, `action`, `created_at`, `updated_at`) VALUES
(1, 1, 25, 4, '+', '2020-06-07 14:34:26', '2020-06-07 14:34:26'),
(2, 2, 52, 18, '+', '2020-06-28 16:36:18', '2020-06-28 16:36:18'),
(3, 3, 3, 10, '+', '2020-12-07 10:15:44', '2020-12-07 10:15:44'),
(4, 4, 1, 5, '+', '2020-12-13 09:07:35', '2020-12-13 09:07:35');

-- --------------------------------------------------------

--
-- Table structure for table `product_purchases`
--

CREATE TABLE `product_purchases` (
  `id` int(10) UNSIGNED NOT NULL,
  `purchase_id` int(11) NOT NULL,
  `product_id` int(11) NOT NULL,
  `variant_id` int(11) DEFAULT NULL,
  `qty` double NOT NULL,
  `recieved` double NOT NULL,
  `purchase_unit_id` int(11) NOT NULL,
  `net_unit_cost` double NOT NULL,
  `discount` double NOT NULL,
  `tax_rate` double NOT NULL,
  `tax` double NOT NULL,
  `total` double NOT NULL,
  `expiration` date DEFAULT NULL,
  `created_at` timestamp NULL DEFAULT NULL,
  `updated_at` timestamp NULL DEFAULT NULL
) ENGINE=InnoDB DEFAULT CHARSET=utf8mb4 COLLATE=utf8mb4_unicode_ci;

--
-- Dumping data for table `product_purchases`
--

INSERT INTO `product_purchases` (`id`, `purchase_id`, `product_id`, `variant_id`, `qty`, `recieved`, `purchase_unit_id`, `net_unit_cost`, `discount`, `tax_rate`, `tax`, `total`, `expiration`, `created_at`, `updated_at`) VALUES
(59, 12, 4, NULL, 200, 200, 1, 1, 0, 0, 0, 200, NULL, '2018-08-08 23:48:36', '2018-08-08 23:48:36'),
(60, 12, 5, NULL, 100, 100, 1, 100, 0, 0, 0, 10000, NULL, '2018-08-08 23:48:36', '2018-08-08 23:48:36'),
(66, 13, 2, NULL, 100, 100, 3, 166.96, 0, 15, 2504.35, 19200, NULL, '2018-08-08 23:49:55', '2018-08-08 23:49:55'),
(67, 13, 3, NULL, 100, 100, 1, 200, 0, 0, 0, 20000, NULL, '2018-08-08 23:49:55', '2018-08-08 23:49:55'),
(68, 13, 1, NULL, 150, 150, 1, 320, 0, 10, 4800, 52800, NULL, '2018-08-08 23:49:55', '2018-08-08 23:49:55'),
(69, 13, 10, NULL, 60, 60, 7, 10, 0, 0, 0, 600, NULL, '2018-08-08 23:49:55', '2018-08-08 23:49:55'),
(70, 14, 1, NULL, 100, 100, 1, 320, 0, 10, 3200, 35200, NULL, '2018-08-09 07:23:48', '2018-08-09 07:23:48'),
(71, 14, 2, NULL, 50, 50, 3, 166.96, 0, 15, 1252.17, 9600, NULL, '2018-08-09 07:23:48', '2018-08-09 07:23:48'),
(72, 14, 3, NULL, 100, 100, 1, 200, 0, 0, 0, 20000, NULL, '2018-08-09 07:23:49', '2018-08-09 07:23:49'),
(73, 14, 5, NULL, 100, 100, 1, 100, 0, 0, 0, 10000, NULL, '2018-08-09 07:23:49', '2018-08-09 07:23:49'),
(74, 14, 10, NULL, 50, 50, 7, 10, 0, 0, 0, 500, NULL, '2018-08-09 07:23:49', '2018-08-09 07:23:49'),
(76, 15, 22, NULL, 20, 20, 1, 800, 0, 10, 1600, 17600, NULL, '2018-09-03 04:06:46', '2018-09-03 04:06:46'),
(87, 16, 22, NULL, 20, 20, 1, 800, 0, 10, 1600, 17600, NULL, '2018-09-20 09:09:12', '2018-09-20 09:09:12'),
(89, 18, 4, NULL, 50, 50, 1, 1, 0, 0, 0, 50, NULL, '2018-10-22 10:26:25', '2018-10-22 10:26:25'),
(90, 19, 4, NULL, 50, 50, 1, 1, 0, 0, 0, 50, NULL, '2018-10-22 10:26:52', '2018-10-22 10:26:52'),
(91, 20, 25, NULL, 15, 15, 1, 500, 0, 10, 750, 8250, NULL, '2018-10-23 01:14:21', '2018-10-23 01:14:21'),
(93, 21, 25, NULL, 15, 15, 1, 500, 0, 10, 750, 8250, NULL, '2018-10-23 01:14:58', '2018-10-23 01:14:58'),
(94, 22, 22, NULL, 5, 5, 1, 800, 0, 10, 400, 4400, NULL, '2018-10-31 22:59:03', '2018-10-31 22:59:03'),
(96, 23, 22, NULL, 5, 5, 1, 800, 0, 10, 400, 4400, NULL, '2018-11-03 03:23:52', '2018-11-03 03:23:52'),
(97, 24, 22, NULL, 15, 15, 1, 800, 0, 10, 1200, 13200, NULL, '2018-11-05 03:18:19', '2018-11-05 03:18:19'),
(98, 24, 25, NULL, 5, 5, 1, 500, 0, 10, 250, 2750, NULL, '2018-11-05 03:18:19', '2018-11-05 03:18:19'),
(99, 25, 31, NULL, 15, 15, 1, 250, 0, 0, 0, 3750, NULL, '2018-12-04 23:34:30', '2018-12-04 23:34:30'),
(100, 25, 30, NULL, 15, 15, 1, 50, 0, 0, 0, 750, NULL, '2018-12-04 23:34:30', '2018-12-04 23:34:30'),
(101, 26, 31, NULL, 15, 15, 1, 250, 0, 0, 0, 3750, NULL, '2018-12-04 23:35:08', '2018-12-04 23:35:08'),
(102, 26, 30, NULL, 15, 15, 1, 50, 0, 0, 0, 750, NULL, '2018-12-04 23:35:08', '2018-12-04 23:35:08'),
(104, 27, 32, NULL, 10, 10, 1, 1, 0, 0, 0, 10, NULL, '2018-12-18 23:57:41', '2018-12-18 23:57:41'),
(112, 33, 33, NULL, 10, 10, 1, 1, 0, 0, 0, 10, NULL, '2018-12-24 03:04:21', '2018-12-24 03:04:21'),
(113, 34, 25, NULL, 2, 2, 1, 500, 0, 10, 100, 1100, NULL, '2019-01-03 01:01:24', '2019-01-03 01:01:24'),
(114, 34, 22, NULL, 2, 2, 1, 800, 0, 10, 160, 1760, NULL, '2019-01-03 01:01:24', '2019-01-03 01:01:24'),
(115, 35, 31, NULL, 2, 2, 1, 250, 0, 0, 0, 500, NULL, '2019-01-29 03:54:48', '2019-01-29 03:54:48'),
(116, 35, 30, NULL, 2, 2, 1, 50, 0, 0, 0, 100, NULL, '2019-01-29 03:54:48', '2019-01-29 03:54:48'),
(117, 36, 30, NULL, 3, 3, 1, 50, 0, 0, 0, 150, NULL, '2019-01-29 03:55:58', '2019-01-29 03:55:58'),
(118, 36, 31, NULL, 2, 2, 1, 250, 0, 0, 0, 500, NULL, '2019-01-29 03:55:58', '2019-01-29 03:55:58'),
(121, 39, 1, NULL, 2, 2, 1, 315, 10, 10, 63, 693, NULL, '2019-02-09 04:44:13', '2019-02-09 04:44:13'),
(122, 39, 2, NULL, 1, 1, 3, 192, 0, 0, 0, 192, NULL, '2019-02-09 04:44:13', '2019-02-09 04:44:13'),
(123, 38, 32, NULL, 10, 10, 1, 1, 0, 0, 0, 10, NULL, '2019-02-09 04:45:24', '2019-02-09 04:45:24'),
(124, 38, 25, NULL, 3, 3, 1, 500, 0, 10, 150, 1650, NULL, '2019-02-09 04:45:24', '2019-02-09 04:45:24'),
(125, 37, 33, NULL, 10, 10, 1, 1, 0, 0, 0, 10, NULL, '2019-02-09 04:46:22', '2019-02-09 04:46:22'),
(126, 37, 25, NULL, 2, 2, 1, 500, 0, 10, 100, 1100, NULL, '2019-02-09 04:46:23', '2019-02-09 04:46:23'),
(127, 37, 22, NULL, 6, 6, 1, 800, 0, 10, 480, 5280, NULL, '2019-02-09 04:46:23', '2019-02-09 04:46:23'),
(128, 40, 33, NULL, 10, 10, 1, 10, 0, 0, 0, 100, NULL, '2019-03-03 04:39:17', '2019-03-03 04:39:17'),
(129, 41, 33, NULL, 5, 5, 1, 10, 0, 0, 0, 50, NULL, '2019-03-03 04:43:58', '2019-03-03 04:43:58'),
(130, 41, 1, NULL, 10, 10, 1, 320, 0, 10, 320, 3520, NULL, '2019-03-03 04:43:59', '2019-03-03 04:43:59'),
(133, 42, 30, NULL, 1, 1, 1, 50, 0, 0, 0, 50, NULL, '2019-04-13 13:50:08', '2019-04-13 13:50:08'),
(134, 42, 31, NULL, 1, 1, 1, 250, 0, 0, 0, 250, NULL, '2019-04-13 13:50:08', '2019-04-13 13:50:08'),
(135, 43, 25, NULL, 3, 3, 1, 500, 0, 10, 150, 1650, NULL, '2019-06-13 04:16:00', '2019-06-13 04:16:00'),
(136, 43, 22, NULL, 3, 3, 1, 800, 0, 10, 240, 2640, NULL, '2019-06-13 04:16:01', '2019-06-13 04:16:01'),
(137, 44, 25, NULL, 1, 1, 1, 500, 0, 10, 50, 550, NULL, '2019-10-19 09:31:19', '2019-10-19 09:31:19'),
(138, 44, 22, NULL, 1, 1, 1, 800, 0, 10, 80, 880, NULL, '2019-10-19 09:31:20', '2019-10-19 09:31:20'),
(140, 46, 33, NULL, 10, 10, 1, 10, 0, 0, 0, 100, NULL, '2019-11-03 05:39:49', '2019-11-03 05:39:49'),
(141, 46, 32, NULL, 10, 10, 1, 5, 0, 0, 0, 50, NULL, '2019-11-03 05:39:49', '2019-11-03 05:39:49'),
(142, 47, 1, NULL, 2, 2, 1, 315, 10, 10, 63, 693, NULL, '2019-11-09 05:25:10', '2019-11-09 05:25:10'),
(143, 47, 2, NULL, 1, 1, 3, 192, 0, 0, 0, 192, NULL, '2019-11-09 05:25:10', '2019-11-09 05:25:10'),
(144, 48, 4, NULL, 100, 100, 1, 1, 0, 0, 0, 100, NULL, '2019-11-10 13:02:21', '2019-11-10 13:02:21'),
(149, 49, 22, NULL, 10, 10, 1, 800, 0, 10, 800, 8800, NULL, '2019-11-11 04:28:59', '2019-11-11 04:28:59'),
(158, 55, 48, 3, 1, 1, 1, 2, 0, 0, 0, 2, NULL, '2019-11-27 16:28:35', '2019-11-27 16:28:35'),
(159, 55, 48, 2, 1, 1, 1, 2, 0, 0, 0, 2, NULL, '2019-11-27 16:28:35', '2019-11-27 16:28:35'),
(161, 57, 3, NULL, 1, 1, 1, 200, 0, 0, 0, 200, NULL, '2019-12-04 17:07:49', '2019-12-04 17:07:49'),
(162, 58, 48, 2, 1, 1, 1, 2, 0, 0, 0, 2, NULL, '2019-12-05 04:21:10', '2019-12-05 04:21:10'),
(163, 58, 48, 3, 1, 1, 1, 2, 0, 0, 0, 2, NULL, '2019-12-05 04:21:10', '2019-12-05 04:21:10'),
(169, 59, 48, 3, 1, 1, 1, 2, 0, 0, 0, 2, NULL, '2019-12-21 10:22:29', '2019-12-21 10:22:29'),
(170, 59, 48, 2, 1, 1, 1, 2, 0, 0, 0, 2, NULL, '2019-12-21 10:22:29', '2019-12-21 10:22:29'),
(171, 59, 48, 5, 1, 1, 1, 2, 0, 0, 0, 2, NULL, '2019-12-21 10:22:29', '2019-12-21 10:22:29'),
(174, 56, 48, 2, 1, 1, 1, 2, 0, 0, 0, 2, NULL, '2019-12-21 13:27:16', '2019-12-21 13:27:16'),
(178, 61, 48, 3, 10, 10, 1, 2, 0, 0, 0, 20, NULL, '2020-01-01 07:06:31', '2020-01-01 07:06:31'),
(179, 61, 48, 2, 10, 10, 1, 2, 0, 0, 0, 20, NULL, '2020-01-01 07:06:31', '2020-01-01 07:06:31'),
(180, 61, 48, 5, 10, 10, 1, 2, 0, 0, 0, 20, NULL, '2020-01-01 07:06:31', '2020-01-01 07:06:31'),
(181, 62, 25, NULL, 3, 3, 1, 500, 0, 10, 150, 1650, NULL, '2020-01-01 08:24:02', '2020-01-01 08:24:02'),
(209, 67, 31, NULL, 1, 1, 1, 250, 0, 0, 0, 250, NULL, '2020-02-04 17:00:41', '2020-02-04 17:00:41'),
(210, 67, 30, NULL, 1, 1, 1, 50, 0, 0, 0, 50, NULL, '2020-02-04 17:00:41', '2020-02-04 17:00:41'),
(212, 69, 4, NULL, 50, 50, 1, 1, 0, 0, 0, 50, NULL, '2020-03-02 05:55:10', '2020-03-02 05:55:10'),
(213, 70, 4, NULL, 50, 50, 1, 1, 0, 0, 0, 50, '2020-05-20', '2020-03-02 05:56:03', '2020-03-02 05:56:03'),
(214, 71, 25, NULL, 3, 3, 1, 500, 0, 10, 150, 1650, NULL, '2020-04-06 13:35:12', '2020-04-06 13:35:12'),
(215, 71, 31, NULL, 5, 5, 1, 250, 0, 0, 0, 1250, NULL, '2020-04-06 13:35:12', '2020-04-06 13:35:12'),
(216, 71, 30, NULL, 3, 3, 1, 50, 0, 0, 0, 150, NULL, '2020-04-06 13:35:12', '2020-04-06 13:35:12'),
(217, 72, 25, NULL, 90, 90, 1, 500, 0, 10, 4500, 49500, NULL, '2020-05-06 15:17:23', '2020-05-06 15:17:23'),
(218, 78, 5, NULL, 1, 1, 1, 100, 0, 0, 0, 100, '2020-05-13', '2020-05-09 22:13:46', '2020-05-09 22:13:46'),
(219, 79, 5, NULL, 1, 1, 1, 100, 0, 0, 0, 100, '2020-05-29', '2020-05-09 22:21:59', '2020-05-09 22:21:59'),
(220, 80, 4, NULL, 1, 1, 1, 1, 0, 0, 0, 1, NULL, '2020-05-09 22:27:28', '2020-05-09 22:27:28'),
(221, 82, 5, NULL, 1, 1, 1, 100, 0, 0, 0, 100, '2020-05-27', '2020-05-09 22:32:39', '2020-05-09 22:32:39'),
(222, 83, 25, NULL, 7, 7, 1, 500, 0, 10, 350, 3850, '2020-05-05', '2020-06-07 14:30:45', '2020-06-07 14:30:45'),
(223, 83, 1, NULL, 1, 1, 1, 320, 0, 10, 32, 352, '2020-05-05', '2020-06-07 14:30:45', '2020-06-07 14:30:45'),
(224, 84, 1, NULL, 3, 3, 1, 320, 0, 10, 96, 1056, '2020-05-05', '2020-12-13 09:08:33', '2020-12-13 09:08:33');

-- --------------------------------------------------------

--
-- Table structure for table `product_quotation`
--

CREATE TABLE `product_quotation` (
  `id` int(10) UNSIGNED NOT NULL,
  `quotation_id` int(11) NOT NULL,
  `product_id` int(11) NOT NULL,
  `variant_id` int(11) DEFAULT NULL,
  `qty` double NOT NULL,
  `sale_unit_id` int(11) NOT NULL,
  `net_unit_price` double NOT NULL,
  `discount` double NOT NULL,
  `tax_rate` double NOT NULL,
  `tax` double NOT NULL,
  `total` double NOT NULL,
  `created_at` timestamp NULL DEFAULT NULL,
  `updated_at` timestamp NULL DEFAULT NULL
) ENGINE=InnoDB DEFAULT CHARSET=utf8mb4 COLLATE=utf8mb4_unicode_ci;

--
-- Dumping data for table `product_quotation`
--

INSERT INTO `product_quotation` (`id`, `quotation_id`, `product_id`, `variant_id`, `qty`, `sale_unit_id`, `net_unit_price`, `discount`, `tax_rate`, `tax`, `total`, `created_at`, `updated_at`) VALUES
(2, 1, 1, NULL, 1, 2, 5030, 10, 15, 754.5, 5784.5, '2018-08-08 23:52:50', '2018-08-28 00:09:57'),
(3, 1, 4, NULL, 50, 1, 1.5, 25, 10, 7.5, 82.5, '2018-08-08 23:53:25', '2018-08-28 00:34:36'),
(4, 1, 2, NULL, 6, 1, 9.55, 0, 10, 5.73, 63, '2018-08-28 01:03:48', '2018-08-28 01:07:07'),
(5, 2, 10, NULL, 2.5, 7, 22, 0, 0, 0, 55, '2018-09-03 22:02:58', '2018-09-20 10:37:41'),
(6, 2, 13, NULL, 1, 0, 21, 0, 0, 0, 21, '2018-09-03 22:02:58', '2018-09-03 22:02:58'),
(7, 3, 1, NULL, 1, 1, 400, 0, 10, 40, 440, '2018-10-23 00:12:49', '2019-12-21 06:41:37'),
(19, 3, 48, 2, 1, 1, 13, 0, 0, 0, 13, '2019-12-07 08:50:02', '2019-12-21 06:41:37');

-- --------------------------------------------------------

--
-- Table structure for table `product_returns`
--

CREATE TABLE `product_returns` (
  `id` int(10) UNSIGNED NOT NULL,
  `return_id` int(11) NOT NULL,
  `product_id` int(11) NOT NULL,
  `variant_id` int(11) DEFAULT NULL,
  `qty` double NOT NULL,
  `sale_unit_id` int(11) NOT NULL,
  `net_unit_price` double NOT NULL,
  `discount` double NOT NULL,
  `tax_rate` double NOT NULL,
  `tax` double NOT NULL,
  `total` double NOT NULL,
  `created_at` timestamp NULL DEFAULT NULL,
  `updated_at` timestamp NULL DEFAULT NULL
) ENGINE=InnoDB DEFAULT CHARSET=utf8mb4 COLLATE=utf8mb4_unicode_ci;

--
-- Dumping data for table `product_returns`
--

INSERT INTO `product_returns` (`id`, `return_id`, `product_id`, `variant_id`, `qty`, `sale_unit_id`, `net_unit_price`, `discount`, `tax_rate`, `tax`, `total`, `created_at`, `updated_at`) VALUES
(3, 2, 4, NULL, 20, 1, 2, 0, 0, 0, 40, NULL, NULL),
(4, 3, 10, NULL, 2, 7, 22, 0, 0, 0, 44, NULL, '2018-10-07 02:19:40'),
(6, 5, 3, NULL, 1, 1, 250, 0, 0, 0, 250, NULL, '2018-12-25 22:16:08'),
(12, 6, 1, NULL, 1, 1, 400, 0, 10, 40, 440, NULL, NULL),
(23, 11, 13, NULL, 1, 0, 21, 0, 0, 0, 21, '2019-12-24 05:20:29', '2019-12-24 05:20:29'),
(26, 13, 2, NULL, 1, 2, 125.22, 0, 15, 18.78, 144, '2020-05-04 14:27:30', '2020-05-04 14:27:30'),
(27, 14, 25, NULL, 1, 1, 1000, 0, 10, 100, 1100, '2020-06-08 01:32:43', '2020-06-08 01:32:43'),
(28, 15, 49, NULL, 1, 4, 33, 0, 0, 0, 33, '2020-08-10 18:09:50', '2020-08-10 18:09:50');

-- --------------------------------------------------------

--
-- Table structure for table `product_sales`
--

CREATE TABLE `product_sales` (
  `id` int(10) UNSIGNED NOT NULL,
  `sale_id` int(11) NOT NULL,
  `product_id` int(11) NOT NULL,
  `variant_id` int(11) DEFAULT NULL,
  `qty` double NOT NULL,
  `sale_unit_id` int(11) NOT NULL,
  `net_unit_price` double NOT NULL,
  `discount` double NOT NULL,
  `tax_rate` double NOT NULL,
  `tax` double NOT NULL,
  `total` double NOT NULL,
  `created_at` timestamp NULL DEFAULT NULL,
  `updated_at` timestamp NULL DEFAULT NULL
) ENGINE=InnoDB DEFAULT CHARSET=utf8mb4 COLLATE=utf8mb4_unicode_ci;

--
-- Dumping data for table `product_sales`
--

INSERT INTO `product_sales` (`id`, `sale_id`, `product_id`, `variant_id`, `qty`, `sale_unit_id`, `net_unit_price`, `discount`, `tax_rate`, `tax`, `total`, `created_at`, `updated_at`) VALUES
(1, 1, 2, NULL, 1, 2, 104.35, 0, 15, 15.65, 120, '2018-08-08 10:36:23', '2018-08-08 11:13:27'),
(3, 1, 5, NULL, 2, 1, 115, 10, 0, 0, 230, '2018-08-08 11:13:28', '2018-08-08 11:13:28'),
(4, 2, 1, NULL, 10, 1, 420, 0, 10, 420, 4620, '2018-08-08 23:54:53', '2018-08-08 23:54:53'),
(5, 2, 4, NULL, 50, 1, 2.1, 0, 0, 0, 105, '2018-08-08 23:54:53', '2018-08-08 23:54:53'),
(6, 2, 2, NULL, 3, 2, 109.57, 0, 15, 49.3, 378, '2018-08-08 23:54:53', '2018-08-08 23:54:53'),
(7, 3, 4, NULL, 20, 1, 2.1, 0, 0, 0, 42, '2018-08-09 00:32:15', '2018-08-09 00:32:15'),
(8, 3, 5, NULL, 5, 1, 126, 0, 0, 0, 630, '2018-08-09 00:32:15', '2018-08-09 00:32:15'),
(9, 3, 3, NULL, 1, 1, 225, 0, 0, 0, 225, '2018-08-09 00:32:15', '2018-08-09 00:32:15'),
(10, 4, 1, NULL, 2, 1, 400, 0, 10, 80, 880, '2018-08-24 21:48:37', '2018-08-24 21:48:37'),
(12, 6, 13, NULL, 1, 0, 18.9, 0, 0, 0, 18.9, '2018-08-26 03:48:36', '2018-08-26 05:48:05'),
(13, 7, 1, NULL, 2, 1, 400, 0, 10, 80, 880, '2018-08-27 01:35:45', '2018-08-27 01:35:45'),
(14, 8, 5, NULL, 2, 2, 1440, 0, 10, 288, 3168, '2018-09-01 23:39:54', '2018-09-01 23:39:54'),
(15, 9, 4, NULL, 10, 1, 2, 0, 0, 0, 20, '2018-09-02 21:33:14', '2018-09-02 21:33:14'),
(16, 10, 3, NULL, 1, 1, 250, 0, 0, 0, 250, '2018-09-02 23:01:39', '2018-09-02 23:01:39'),
(17, 11, 22, NULL, 5, 1, 1000, 0, 10, 500, 5500, '2018-09-03 04:08:21', '2018-09-03 04:08:21'),
(18, 12, 22, NULL, 10, 1, 1050, 0, 10, 1050, 11550, '2018-09-03 04:10:33', '2018-09-03 04:10:33'),
(46, 29, 5, NULL, 1, 1, 120, 0, 0, 0, 120, '2018-09-09 03:38:41', '2018-09-09 03:38:41'),
(47, 30, 1, NULL, 1, 1, 400, 0, 10, 40, 440, '2018-09-09 22:57:06', '2018-09-20 09:12:38'),
(48, 31, 1, NULL, 1, 1, 400, 0, 10, 40, 440, '2018-09-26 03:20:59', '2018-09-26 03:21:25'),
(49, 31, 2, NULL, 1, 2, 104.35, 0, 15, 15.65, 120, '2018-09-26 03:20:59', '2018-09-26 03:21:25'),
(50, 32, 1, NULL, 1, 1, 400, 0, 10, 40, 440, '2018-10-04 03:55:48', '2018-10-04 03:55:48'),
(51, 33, 1, NULL, 1, 1, 400, 0, 10, 40, 440, '2018-10-04 04:00:23', '2018-10-04 04:00:23'),
(57, 37, 3, NULL, 1, 1, 250, 0, 0, 0, 250, '2018-10-07 00:46:05', '2018-10-07 00:46:05'),
(58, 38, 1, NULL, 1, 1, 400, 0, 10, 40, 440, '2018-10-07 00:47:19', '2018-10-07 00:47:19'),
(61, 40, 1, NULL, 1, 1, 400, 0, 10, 40, 440, '2018-10-07 01:13:12', '2018-10-07 01:13:12'),
(62, 41, 1, NULL, 1, 1, 400, 0, 10, 40, 440, '2018-10-09 22:16:21', '2018-10-09 22:16:21'),
(63, 41, 13, NULL, 1, 0, 21, 0, 0, 0, 21, '2018-10-09 22:16:21', '2018-10-09 22:16:21'),
(64, 42, 1, NULL, 1, 1, 400, 0, 10, 40, 440, '2018-10-09 23:34:51', '2018-10-09 23:34:51'),
(65, 43, 1, NULL, 1, 1, 400, 0, 10, 40, 440, '2018-10-15 21:34:35', '2018-10-15 21:34:35'),
(78, 55, 3, NULL, 1, 1, 250, 0, 0, 0, 250, '2018-10-21 00:53:34', '2018-10-21 00:53:34'),
(80, 57, 1, NULL, 1, 1, 400, 0, 10, 40, 440, '2018-10-21 02:26:12', '2018-10-21 02:26:12'),
(81, 57, 13, NULL, 2, 0, 21, 0, 0, 0, 42, '2018-10-21 02:26:13', '2018-10-21 02:26:13'),
(82, 58, 22, NULL, 1, 1, 1000, 0, 10, 100, 1100, '2018-10-22 09:27:24', '2018-10-22 09:27:24'),
(83, 58, 5, NULL, 1, 1, 120, 0, 0, 0, 120, '2018-10-22 09:27:24', '2018-10-22 09:27:24'),
(101, 73, 25, NULL, 3, 1, 1000, 0, 10, 300, 3300, '2018-10-23 01:15:43', '2018-10-23 01:15:43'),
(102, 73, 22, NULL, 2, 1, 1000, 0, 10, 200, 2200, '2018-10-23 01:15:44', '2018-10-23 01:15:44'),
(103, 74, 22, NULL, 1, 1, 1000, 0, 10, 100, 1100, '2018-10-23 01:16:44', '2018-10-23 01:16:44'),
(104, 74, 25, NULL, 1, 1, 1000, 0, 10, 100, 1100, '2018-10-23 01:16:44', '2018-10-23 01:16:44'),
(105, 74, 5, NULL, 1, 1, 120, 0, 0, 0, 120, '2018-10-23 01:16:44', '2018-10-23 01:16:44'),
(106, 75, 2, NULL, 3, 2, 104.35, 0, 15, 46.96, 360, '2018-10-31 23:00:27', '2018-10-31 23:00:27'),
(107, 75, 22, NULL, 2, 1, 1000, 0, 10, 200, 2200, '2018-10-31 23:00:27', '2018-10-31 23:00:27'),
(108, 75, 25, NULL, 3, 1, 1000, 0, 10, 300, 3300, '2018-10-31 23:00:27', '2018-10-31 23:00:27'),
(109, 75, 1, NULL, 2, 1, 400, 0, 10, 80, 880, '2018-10-31 23:00:27', '2018-10-31 23:00:27'),
(110, 75, 5, NULL, 2, 1, 120, 0, 0, 0, 240, '2018-10-31 23:00:27', '2018-10-31 23:00:27'),
(111, 76, 3, NULL, 1, 1, 250, 0, 0, 0, 250, '2018-10-31 23:01:26', '2018-11-03 03:28:56'),
(112, 76, 22, NULL, 1, 1, 1000, 0, 10, 100, 1100, '2018-10-31 23:01:27', '2018-11-03 03:28:56'),
(113, 76, 13, NULL, 4, 0, 21, 0, 0, 0, 84, '2018-10-31 23:01:27', '2018-11-03 03:28:56'),
(117, 79, 1, NULL, 4, 1, 400, 0, 10, 160, 1760, '2018-11-05 03:15:17', '2018-11-05 03:15:17'),
(118, 79, 2, NULL, 7, 2, 104.35, 0, 15, 109.57, 840, '2018-11-05 03:15:17', '2018-11-05 03:15:17'),
(119, 79, 3, NULL, 7, 1, 250, 0, 0, 0, 1750, '2018-11-05 03:15:17', '2018-11-05 03:15:17'),
(120, 79, 4, NULL, 7, 1, 2, 0, 0, 0, 14, '2018-11-05 03:15:17', '2018-11-05 03:15:17'),
(121, 79, 22, NULL, 8, 1, 1000, 0, 10, 800, 8800, '2018-11-05 03:15:17', '2018-11-05 03:15:17'),
(122, 79, 13, NULL, 10, 0, 21, 0, 0, 0, 210, '2018-11-05 03:15:17', '2018-11-05 03:15:17'),
(123, 79, 5, NULL, 9, 1, 120, 0, 0, 0, 1080, '2018-11-05 03:15:17', '2018-11-05 03:15:17'),
(124, 80, 2, NULL, 2, 2, 104.35, 0, 15, 31.3, 240, '2018-11-05 03:19:58', '2018-11-05 03:19:58'),
(125, 80, 3, NULL, 2, 1, 250, 0, 0, 0, 500, '2018-11-05 03:19:58', '2018-11-05 03:19:58'),
(126, 80, 1, NULL, 4, 1, 400, 0, 10, 160, 1760, '2018-11-05 03:19:58', '2018-11-05 03:19:58'),
(132, 86, 22, NULL, 1, 1, 1000, 0, 10, 100, 1100, '2018-11-05 03:59:48', '2018-11-05 03:59:48'),
(134, 88, 22, NULL, 1, 1, 1000, 0, 10, 100, 1100, '2018-11-05 04:02:58', '2018-11-05 04:02:58'),
(142, 94, 2, NULL, 1, 2, 104.35, 0, 15, 15.65, 120, '2018-11-26 08:05:34', '2018-11-26 08:05:34'),
(143, 95, 5, NULL, 3, 1, 120, 0, 0, 0, 360, '2018-11-27 03:36:08', '2018-11-27 03:36:08'),
(144, 95, 5, NULL, 3, 1, 120, 0, 0, 0, 360, '2018-11-27 03:36:08', '2018-11-27 03:36:08'),
(145, 96, 2, NULL, 1, 2, 104.35, 0, 15, 15.65, 120, '2018-11-28 01:15:09', '2018-11-28 01:15:09'),
(146, 97, 2, NULL, 2, 2, 104.35, 0, 15, 31.3, 240, '2018-12-01 00:05:18', '2018-12-01 00:05:18'),
(147, 97, 10, NULL, 1, 7, 22, 0, 0, 0, 22, '2018-12-01 00:05:18', '2018-12-01 00:05:18'),
(148, 98, 30, NULL, 2, 1, 100, 0, 0, 0, 200, '2018-12-04 23:35:58', '2018-12-04 23:35:58'),
(149, 98, 31, NULL, 2, 1, 300, 0, 0, 0, 600, '2018-12-04 23:35:58', '2018-12-04 23:35:58'),
(150, 99, 30, NULL, 2, 1, 100, 0, 0, 0, 200, '2018-12-04 23:37:19', '2018-12-04 23:37:19'),
(151, 99, 31, NULL, 2, 1, 300, 0, 0, 0, 600, '2018-12-04 23:37:20', '2018-12-04 23:37:20'),
(153, 101, 30, NULL, 1, 1, 100, 0, 0, 0, 100, '2018-12-08 00:20:26', '2018-12-08 00:20:26'),
(155, 103, 2, NULL, 1, 2, 104.35, 0, 15, 15.65, 120, '2018-12-23 22:58:32', '2018-12-23 22:58:32'),
(156, 104, 33, NULL, 4, 1, 2, 0, 0, 0, 8, '2018-12-24 03:15:27', '2018-12-24 21:55:23'),
(157, 104, 26, NULL, 2, 0, 1250, 0, 0, 0, 2500, '2018-12-24 21:47:54', '2018-12-24 21:55:23'),
(158, 105, 13, NULL, 1, 0, 21, 0, 0, 0, 21, '2018-12-31 23:45:38', '2018-12-31 23:45:38'),
(159, 106, 2, NULL, 1, 2, 104.35, 0, 15, 15.65, 120, '2019-01-01 03:10:40', '2019-01-01 03:10:40'),
(160, 106, 3, NULL, 2, 1, 250, 0, 0, 0, 500, '2019-01-01 03:10:40', '2019-01-01 03:10:40'),
(161, 106, 5, NULL, 2, 1, 120, 0, 0, 0, 240, '2019-01-01 03:10:40', '2019-01-01 03:10:40'),
(162, 107, 3, NULL, 2, 1, 250, 0, 0, 0, 500, '2019-01-03 00:56:27', '2019-01-03 00:56:27'),
(163, 107, 5, NULL, 2, 1, 120, 0, 0, 0, 240, '2019-01-03 00:56:27', '2019-01-03 00:56:27'),
(164, 107, 22, NULL, 2, 1, 1000, 0, 10, 200, 2200, '2019-01-03 00:56:27', '2019-01-03 00:56:27'),
(165, 107, 25, NULL, 1, 1, 1000, 0, 10, 100, 1100, '2019-01-03 00:56:27', '2019-01-03 00:56:27'),
(166, 107, 1, NULL, 2, 1, 400, 0, 10, 80, 880, '2019-01-03 00:56:27', '2019-01-03 00:56:27'),
(167, 107, 2, NULL, 1, 2, 104.35, 0, 15, 15.65, 120, '2019-01-03 00:56:27', '2019-01-03 00:56:27'),
(168, 108, 2, NULL, 1, 2, 104.35, 0, 15, 15.65, 120, '2019-01-20 09:58:24', '2019-01-20 09:58:24'),
(169, 109, 1, NULL, 1, 1, 400, 0, 10, 40, 440, '2019-01-29 04:14:43', '2019-01-29 04:14:43'),
(170, 109, 30, NULL, 1, 1, 100, 0, 0, 0, 100, '2019-01-29 04:14:43', '2019-01-29 04:14:43'),
(171, 110, 31, NULL, 2, 1, 300, 0, 0, 0, 600, '2019-01-29 05:50:41', '2019-01-29 05:50:41'),
(172, 110, 25, NULL, 1, 1, 1000, 0, 10, 100, 1100, '2019-01-29 05:50:41', '2019-01-29 05:50:41'),
(173, 111, 3, NULL, 1, 1, 250, 0, 0, 0, 250, '2019-01-31 05:08:39', '2019-01-31 05:08:39'),
(174, 111, 13, NULL, 1, 0, 21, 0, 0, 0, 21, '2019-01-31 05:08:39', '2019-01-31 05:08:39'),
(175, 112, 1, NULL, 1, 1, 400, 0, 10, 40, 440, '2019-02-02 04:40:45', '2019-02-02 04:40:45'),
(176, 113, 3, NULL, 1, 1, 250, 0, 0, 0, 250, '2019-02-02 05:41:17', '2019-02-02 05:41:17'),
(177, 113, 30, NULL, 1, 1, 100, 0, 0, 0, 100, '2019-02-02 05:41:17', '2019-02-02 05:41:17'),
(178, 114, 1, NULL, 1, 1, 400, 0, 10, 40, 440, '2019-02-05 09:04:45', '2019-02-05 09:04:45'),
(185, 120, 1, NULL, 1, 1, 400, 0, 10, 40, 440, '2019-02-07 05:40:37', '2019-02-07 05:40:37'),
(186, 121, 3, NULL, 1, 1, 250, 0, 0, 0, 250, '2019-02-09 04:48:14', '2019-02-09 04:48:14'),
(187, 121, 2, NULL, 1, 2, 104.35, 0, 15, 15.65, 120, '2019-02-09 04:48:14', '2019-02-09 04:48:14'),
(188, 121, 4, NULL, 10, 1, 2, 0, 0, 0, 20, '2019-02-09 04:48:15', '2019-02-09 04:48:15'),
(189, 121, 13, NULL, 2, 0, 21, 0, 0, 0, 42, '2019-02-09 04:48:15', '2019-02-09 04:48:15'),
(190, 121, 1, NULL, 1, 1, 400, 0, 10, 40, 440, '2019-02-09 04:48:15', '2019-02-09 04:48:15'),
(191, 121, 31, NULL, 1, 1, 300, 0, 0, 0, 300, '2019-02-09 04:48:15', '2019-02-09 04:48:15'),
(192, 121, 30, NULL, 1, 1, 100, 0, 0, 0, 100, '2019-02-09 04:48:15', '2019-02-09 04:48:15'),
(194, 123, 1, NULL, 1, 1, 400, 0, 10, 40, 440, '2019-02-19 08:32:14', '2019-02-19 08:32:14'),
(198, 127, 31, NULL, 1, 1, 300, 0, 0, 0, 300, '2019-03-03 04:40:10', '2019-03-03 04:40:10'),
(199, 127, 25, NULL, 1, 1, 1000, 0, 10, 100, 1100, '2019-03-03 04:40:10', '2019-03-03 04:40:10'),
(200, 127, 22, NULL, 1, 1, 1000, 0, 10, 100, 1100, '2019-03-03 04:40:10', '2019-03-03 04:40:10'),
(201, 128, 1, NULL, 1, 1, 400, 0, 10, 40, 440, '2019-04-04 03:55:55', '2019-04-04 03:55:55'),
(202, 128, 2, NULL, 1, 2, 104.35, 0, 15, 15.65, 120, '2019-04-04 03:55:55', '2019-04-04 03:55:55'),
(203, 129, 5, NULL, 2, 1, 120, 0, 0, 0, 240, '2019-04-04 03:59:37', '2019-04-11 04:50:16'),
(204, 130, 1, NULL, 1, 1, 400, 0, 10, 40, 440, '2019-04-21 06:21:24', '2019-04-21 06:21:24'),
(205, 130, 2, NULL, 1, 2, 125.22, 0, 15, 18.78, 144, '2019-04-21 06:21:24', '2019-04-21 06:21:24'),
(206, 130, 4, NULL, 1, 1, 2, 0, 0, 0, 2, '2019-04-21 06:21:24', '2019-04-21 06:21:24'),
(207, 131, 1, NULL, 1, 1, 400, 0, 10, 40, 440, '2019-05-28 04:32:29', '2019-05-28 04:32:29'),
(208, 131, 3, NULL, 1, 1, 250, 0, 0, 0, 250, '2019-05-28 04:32:29', '2019-05-28 04:32:29'),
(209, 131, 25, NULL, 1, 1, 1000, 0, 10, 100, 1100, '2019-05-28 04:32:29', '2019-05-28 04:32:29'),
(210, 131, 22, NULL, 1, 1, 1000, 0, 10, 100, 1100, '2019-05-28 04:32:29', '2019-05-28 04:32:29'),
(211, 132, 1, NULL, 1, 1, 400, 0, 10, 40, 440, '2019-06-13 04:16:37', '2019-06-13 04:16:37'),
(212, 132, 30, NULL, 1, 1, 100, 0, 0, 0, 100, '2019-06-13 04:16:37', '2019-06-13 04:16:37'),
(213, 132, 31, NULL, 1, 1, 300, 0, 0, 0, 300, '2019-06-13 04:16:37', '2019-06-13 04:16:37'),
(214, 133, 3, NULL, 2, 1, 250, 0, 0, 0, 500, '2019-06-13 04:17:51', '2019-06-13 04:17:51'),
(215, 133, 25, NULL, 1, 1, 1000, 0, 10, 100, 1100, '2019-06-13 04:17:52', '2019-06-13 04:17:52'),
(216, 133, 22, NULL, 1, 1, 1000, 0, 10, 100, 1100, '2019-06-13 04:17:52', '2019-06-13 04:17:52'),
(217, 134, 1, NULL, 1, 1, 400, 0, 10, 40, 440, '2019-10-19 09:30:28', '2019-10-19 09:30:28'),
(218, 134, 22, NULL, 1, 1, 1000, 0, 10, 100, 1100, '2019-10-19 09:30:28', '2019-10-19 09:30:28'),
(219, 134, 25, NULL, 1, 1, 1000, 0, 10, 100, 1100, '2019-10-19 09:30:28', '2019-10-19 09:30:28'),
(220, 134, 31, NULL, 1, 1, 300, 0, 0, 0, 300, '2019-10-19 09:30:28', '2019-10-19 09:30:28'),
(224, 138, 5, NULL, 1, 1, 120, 0, 0, 0, 120, '2019-10-31 06:29:37', '2019-10-31 06:29:37'),
(225, 139, 2, NULL, 2, 2, 125.22, 0, 15, 37.57, 288, '2019-11-03 05:40:44', '2019-11-03 05:40:44'),
(226, 139, 4, NULL, 100, 1, 2, 0, 0, 0, 200, '2019-11-03 05:40:44', '2019-11-03 05:40:44'),
(236, 144, 22, NULL, 1, 1, 1000, 0, 10, 100, 1100, '2019-11-09 13:41:31', '2019-11-09 13:41:31'),
(237, 144, 5, NULL, 1, 1, 120, 0, 0, 0, 120, '2019-11-09 13:41:31', '2019-11-09 13:41:31'),
(241, 147, 22, NULL, 1, 1, 1000, 0, 10, 100, 1100, '2019-11-11 04:40:08', '2019-11-11 04:40:08'),
(242, 147, 25, NULL, 1, 1, 1000, 0, 10, 100, 1100, '2019-11-11 04:40:08', '2019-11-11 04:40:08'),
(243, 147, 4, NULL, 10, 1, 2, 0, 0, 0, 20, '2019-11-11 04:40:08', '2019-11-11 04:40:08'),
(282, 172, 1, NULL, 1, 1, 400, 0, 10, 40, 440, '2019-12-03 09:46:31', '2019-12-03 09:46:31'),
(283, 173, 3, NULL, 1, 1, 225, 0, 0, 0, 225, '2019-12-04 17:19:40', '2019-12-04 17:19:40'),
(284, 173, 1, NULL, 1, 1, 360, 0, 10, 36, 396, '2019-12-04 17:19:40', '2019-12-04 17:19:40'),
(306, 187, 2, NULL, 2, 2, 125.22, 0, 15, 37.57, 288, '2019-12-22 04:40:58', '2019-12-22 04:40:58'),
(308, 190, 22, NULL, 1, 1, 1000, 0, 10, 100, 1100, '2019-12-23 06:59:46', '2019-12-23 06:59:46'),
(312, 193, 25, NULL, 1, 1, 1000, 0, 10, 100, 1100, '2020-01-01 08:20:28', '2020-01-01 08:20:28'),
(313, 194, 1, NULL, 2, 1, 400, 0, 10, 80, 880, '2020-01-02 10:39:47', '2020-01-02 10:39:47'),
(314, 194, 2, NULL, 1, 1, 10.43, 0, 15, 1.57, 12, '2020-01-02 10:39:47', '2020-01-02 10:39:47'),
(323, 201, 5, NULL, 1, 1, 120, 0, 0, 0, 120, '2020-02-03 09:52:56', '2020-02-03 09:52:56'),
(324, 202, 25, NULL, 1, 1, 1000, 0, 10, 100, 1100, '2020-02-04 16:58:53', '2020-02-04 16:58:53'),
(325, 202, 31, NULL, 1, 1, 300, 0, 0, 0, 300, '2020-02-04 16:58:53', '2020-02-04 16:58:53'),
(326, 203, 3, NULL, 1, 1, 250, 0, 0, 0, 250, '2020-03-02 05:54:14', '2020-03-02 05:54:14'),
(327, 203, 30, NULL, 1, 1, 100, 0, 0, 0, 100, '2020-03-02 05:54:14', '2020-03-02 05:54:14'),
(328, 204, 4, NULL, 20, 1, 2, 0, 0, 0, 40, '2020-03-02 05:57:41', '2020-03-02 05:57:41'),
(329, 205, 1, NULL, 1, 1, 400, 0, 10, 40, 440, '2020-03-11 10:46:42', '2020-03-11 10:46:42'),
(330, 206, 5, NULL, 1, 1, 120, 0, 0, 0, 120, '2020-03-11 10:52:30', '2020-03-11 10:54:04'),
(331, 207, 30, NULL, 2, 1, 100, 0, 0, 0, 200, '2020-04-06 13:40:24', '2020-04-06 13:41:11'),
(332, 207, 31, NULL, 1, 1, 300, 0, 0, 0, 300, '2020-04-06 13:40:24', '2020-04-06 13:41:11'),
(333, 207, 2, NULL, 1, 2, 125.22, 0, 15, 18.78, 144, '2020-04-06 13:41:11', '2020-04-06 13:41:11'),
(334, 208, 1, NULL, 2, 1, 400, 0, 10, 80, 880, '2020-05-04 14:16:40', '2020-05-04 14:16:40'),
(335, 209, 2, NULL, 14, 2, 125.22, 0, 15, 262.96, 2016, '2020-05-05 14:26:48', '2020-05-05 14:26:48'),
(336, 209, 10, NULL, 3, 7, 22, 0, 0, 0, 66, '2020-05-05 14:26:48', '2020-05-05 14:26:48'),
(337, 209, 4, NULL, 2, 1, 2, 0, 0, 0, 4, '2020-05-05 14:26:48', '2020-05-05 14:26:48'),
(339, 211, 22, NULL, 23, 1, 1000, 0, 10, 2300, 25300, '2020-05-06 15:29:23', '2020-05-06 15:29:23'),
(340, 212, 22, NULL, 1, 1, 1000, 0, 10, 100, 1100, '2020-05-06 15:30:37', '2020-05-06 15:30:37'),
(341, 212, 25, NULL, 100, 1, 1000, 0, 10, 10000, 110000, '2020-05-06 15:30:37', '2020-05-06 15:30:37'),
(342, 213, 1, NULL, 1, 1, 400, 0, 10, 40, 440, '2020-05-10 00:33:28', '2020-05-10 00:33:28'),
(343, 214, 5, NULL, 1, 1, 120, 0, 0, 0, 120, '2020-06-03 02:58:37', '2020-06-03 02:58:37'),
(344, 214, 31, NULL, 4, 1, 300, 0, 0, 0, 1200, '2020-06-03 02:58:37', '2020-06-03 02:58:37'),
(345, 214, 25, NULL, 1, 1, 1000, 0, 10, 100, 1100, '2020-06-03 02:58:37', '2020-06-03 02:58:37'),
(346, 215, 4, NULL, 1, 1, 2, 0, 0, 0, 2, '2020-06-03 03:20:20', '2020-06-03 03:20:20'),
(347, 215, 31, NULL, 1, 1, 300, 0, 0, 0, 300, '2020-06-03 03:20:20', '2020-06-03 03:20:20'),
(348, 216, 25, NULL, 1, 1, 1000, 0, 10, 100, 1100, '2020-06-03 04:58:25', '2020-06-03 04:58:25'),
(349, 217, 30, NULL, 1, 1, 100, 0, 0, 0, 100, '2020-06-03 23:35:44', '2020-06-03 23:35:44'),
(350, 217, 4, NULL, 1, 1, 2, 0, 0, 0, 2, '2020-06-03 23:35:44', '2020-06-03 23:35:44'),
(351, 217, 31, NULL, 1, 1, 300, 0, 0, 0, 300, '2020-06-03 23:35:44', '2020-06-03 23:35:44'),
(352, 217, 25, NULL, 1, 1, 1000, 0, 10, 100, 1100, '2020-06-03 23:35:44', '2020-06-03 23:35:44'),
(366, 222, 32, NULL, 1, 1, 10, 0, 0, 0, 10, '2020-06-08 05:22:11', '2020-06-08 05:22:11'),
(367, 222, 3, NULL, 1, 1, 250, 0, 0, 0, 250, '2020-06-08 05:22:11', '2020-06-08 05:22:11'),
(368, 222, 4, NULL, 5, 1, 2, 0, 0, 0, 10, '2020-06-08 05:22:11', '2020-06-08 05:22:11'),
(369, 222, 25, NULL, 1, 1, 1000, 0, 10, 100, 1100, '2020-06-08 05:22:11', '2020-06-08 05:22:11'),
(370, 223, 5, NULL, 1, 1, 120, 0, 0, 0, 120, '2020-06-08 02:21:22', '2020-06-08 02:21:22'),
(371, 223, 4, NULL, 1, 1, 2, 0, 0, 0, 2, '2020-06-08 02:21:22', '2020-06-08 02:21:22'),
(372, 224, 1, NULL, 1, 1, 400, 0, 10, 40, 440, '2020-06-08 09:27:14', '2020-06-08 09:27:14'),
(373, 224, 13, NULL, 1, 0, 21, 0, 0, 0, 21, '2020-06-08 09:27:14', '2020-06-08 09:27:14'),
(374, 224, 10, NULL, 1, 7, 22, 0, 0, 0, 22, '2020-06-08 09:27:14', '2020-06-08 09:27:14'),
(375, 224, 48, 3, 1, 1, 3, 0, 0, 0, 3, '2020-06-08 09:27:14', '2020-06-08 09:27:14'),
(376, 225, 5, NULL, 25, 1, 120, 0, 0, 0, 3000, '2020-06-29 13:42:59', '2020-06-29 13:42:59'),
(377, 225, 32, NULL, 1, 1, 10, 0, 0, 0, 10, '2020-06-29 13:42:59', '2020-06-29 13:42:59'),
(378, 225, 13, NULL, 1, 0, 21, 0, 0, 0, 21, '2020-06-29 13:42:59', '2020-06-29 13:42:59'),
(379, 226, 26, NULL, 3, 0, 1250, 0, 0, 0, 3750, '2020-08-02 21:25:38', '2020-08-02 21:25:38'),
(380, 226, 5, NULL, 3, 1, 120, 0, 0, 0, 360, '2020-08-02 21:25:38', '2020-08-02 21:25:38'),
(381, 227, 5, NULL, 3, 1, 120, 0, 0, 0, 360, '2020-12-02 21:54:23', '2020-12-02 21:54:23'),
(382, 227, 25, NULL, 1, 1, 1000, 0, 10, 100, 1100, '2020-12-02 21:54:23', '2020-12-02 21:54:23'),
(383, 227, 26, NULL, 3, 0, 1250, 0, 0, 0, 3750, '2020-12-02 21:54:23', '2020-12-02 21:54:23'),
(384, 227, 33, NULL, 1, 1, 20, 0, 0, 0, 20, '2020-12-02 21:54:23', '2020-12-02 21:54:23'),
(385, 227, 3, NULL, 1, 1, 250, 0, 0, 0, 250, '2020-12-02 21:54:23', '2020-12-02 21:54:23'),
(386, 228, 1, NULL, 5, 1, 400, 0, 10, 200, 2200, '2020-12-02 21:55:26', '2020-12-02 21:55:26'),
(387, 229, 4, NULL, 1, 1, 2, 0, 0, 0, 2, '2020-12-07 10:22:13', '2020-12-07 10:22:13'),
(388, 229, 5, NULL, 4, 1, 120, 0, 0, 0, 480, '2020-12-07 10:22:13', '2020-12-07 10:22:13'),
(389, 229, 30, NULL, 1, 1, 100, 0, 0, 0, 100, '2020-12-07 10:22:13', '2020-12-07 10:22:13'),
(390, 229, 49, NULL, 1, 4, 33, 0, 0, 0, 33, '2020-12-07 10:22:13', '2020-12-07 10:22:13'),
(391, 230, 5, NULL, 1, 1, 120, 0, 0, 0, 120, '2020-12-13 07:30:24', '2020-12-13 07:30:24'),
(392, 230, 4, NULL, 1, 1, 2, 0, 0, 0, 2, '2020-12-13 07:30:24', '2020-12-13 07:30:24'),
(393, 230, 25, NULL, 5, 1, 1000, 0, 10, 500, 5500, '2020-12-13 07:30:24', '2020-12-13 07:30:24'),
(394, 230, 26, NULL, 1, 0, 1250, 0, 0, 0, 1250, '2020-12-13 07:30:24', '2020-12-13 07:30:24'),
(395, 230, 33, NULL, 1, 1, 20, 0, 0, 0, 20, '2020-12-13 07:30:24', '2020-12-13 07:30:24'),
(396, 230, 49, NULL, 1, 4, 33, 0, 0, 0, 33, '2020-12-13 07:30:24', '2020-12-13 07:30:24'),
(397, 231, 4, NULL, 4, 1, 2, 0, 0, 0, 8, '2020-12-13 09:00:57', '2020-12-13 09:00:57'),
(398, 231, 3, NULL, 1, 1, 250, 0, 0, 0, 250, '2020-12-13 09:00:57', '2020-12-13 09:00:57'),
(399, 232, 1, NULL, 1, 1, 360, 0, 10, 36, 396, '2020-12-13 11:02:54', '2020-12-13 11:02:54'),
(400, 232, 2, NULL, 1, 2, 112.7, 0, 15, 16.9, 129.6, '2020-12-13 11:02:54', '2020-12-13 11:02:54'),
(401, 232, 31, NULL, 1, 1, 270, 0, 0, 0, 270, '2020-12-13 11:02:54', '2020-12-13 11:02:54'),
(402, 232, 32, NULL, 2, 1, 9, 0, 0, 0, 18, '2020-12-13 11:02:54', '2020-12-13 11:02:54'),
(403, 232, 30, NULL, 1, 1, 90, 0, 0, 0, 90, '2020-12-13 11:02:54', '2020-12-13 11:02:54'),
(404, 232, 49, NULL, 2, 4, 29.7, 0, 0, 0, 59.4, '2020-12-13 11:02:54', '2020-12-13 11:02:54'),
(405, 232, 48, 3, 1, 1, 2.7, 0, 0, 0, 2.7, '2020-12-13 11:02:54', '2020-12-13 11:02:54'),
(406, 232, 48, 2, 1, 1, 11.7, 0, 0, 0, 11.7, '2020-12-13 11:02:54', '2020-12-13 11:02:54'),
(407, 232, 48, 5, 1, 1, 47.7, 0, 0, 0, 47.7, '2020-12-13 11:02:54', '2020-12-13 11:02:54'),
(408, 232, 4, NULL, 1, 1, 1.8, 0, 0, 0, 1.8, '2020-12-13 11:02:54', '2020-12-13 11:02:54'),
(409, 232, 3, NULL, 1, 1, 225, 0, 0, 0, 225, '2020-12-13 11:02:54', '2020-12-13 11:02:54'),
(410, 232, 33, NULL, 1, 1, 18, 0, 0, 0, 18, '2020-12-13 11:02:54', '2020-12-13 11:02:54');

-- --------------------------------------------------------

--
-- Table structure for table `product_transfer`
--

CREATE TABLE `product_transfer` (
  `id` int(10) UNSIGNED NOT NULL,
  `transfer_id` int(11) NOT NULL,
  `product_id` int(11) NOT NULL,
  `variant_id` int(11) DEFAULT NULL,
  `qty` double NOT NULL,
  `purchase_unit_id` int(11) NOT NULL,
  `net_unit_cost` double NOT NULL,
  `tax_rate` double NOT NULL,
  `tax` double NOT NULL,
  `total` double NOT NULL,
  `created_at` timestamp NULL DEFAULT NULL,
  `updated_at` timestamp NULL DEFAULT NULL
) ENGINE=InnoDB DEFAULT CHARSET=utf8mb4 COLLATE=utf8mb4_unicode_ci;

--
-- Dumping data for table `product_transfer`
--

INSERT INTO `product_transfer` (`id`, `transfer_id`, `product_id`, `variant_id`, `qty`, `purchase_unit_id`, `net_unit_cost`, `tax_rate`, `tax`, `total`, `created_at`, `updated_at`) VALUES
(1, 1, 4, NULL, 100, 1, 1, 0, 0, 100, '2018-08-08 11:17:10', '2018-12-24 22:16:55'),
(11, 8, 5, NULL, 10, 1, 100, 0, 0, 1000, '2020-01-22 06:30:59', '2020-01-22 06:30:59');

-- --------------------------------------------------------

--
-- Table structure for table `product_variants`
--

CREATE TABLE `product_variants` (
  `id` int(10) UNSIGNED NOT NULL,
  `product_id` int(11) NOT NULL,
  `variant_id` int(11) NOT NULL,
  `position` int(11) NOT NULL,
  `item_code` varchar(191) COLLATE utf8mb4_unicode_ci NOT NULL,
  `additional_price` double DEFAULT NULL,
  `qty` double NOT NULL,
  `created_at` timestamp NULL DEFAULT NULL,
  `updated_at` timestamp NULL DEFAULT NULL
) ENGINE=InnoDB DEFAULT CHARSET=utf8mb4 COLLATE=utf8mb4_unicode_ci;

--
-- Dumping data for table `product_variants`
--

INSERT INTO `product_variants` (`id`, `product_id`, `variant_id`, `position`, `item_code`, `additional_price`, `qty`, `created_at`, `updated_at`) VALUES
(3, 48, 3, 1, 'S-93475396', NULL, 11, '2019-11-21 07:03:04', '2020-12-13 11:02:54'),
(5, 48, 5, 3, 'L-93475396', 50, 10, '2019-11-24 06:07:20', '2020-12-13 11:02:54'),
(6, 48, 2, 2, 'M-93475396', 10, 13, '2019-11-24 07:17:07', '2020-12-13 11:02:54');

-- --------------------------------------------------------

--
-- Table structure for table `product_warehouse`
--

CREATE TABLE `product_warehouse` (
  `id` int(10) UNSIGNED NOT NULL,
  `product_id` varchar(191) COLLATE utf8mb4_unicode_ci NOT NULL,
  `variant_id` int(11) DEFAULT NULL,
  `warehouse_id` int(11) NOT NULL,
  `qty` double NOT NULL,
  `created_at` timestamp NULL DEFAULT NULL,
  `updated_at` timestamp NULL DEFAULT NULL
) ENGINE=InnoDB DEFAULT CHARSET=utf8mb4 COLLATE=utf8mb4_unicode_ci;

--
-- Dumping data for table `product_warehouse`
--

INSERT INTO `product_warehouse` (`id`, `product_id`, `variant_id`, `warehouse_id`, `qty`, `created_at`, `updated_at`) VALUES
(10, '1', NULL, 1, 137.5, '2018-08-08 08:30:12', '2020-12-13 11:02:54'),
(11, '2', NULL, 1, 1236, '2018-08-08 08:30:12', '2020-12-13 11:02:54'),
(12, '3', NULL, 1, 103, '2018-08-08 08:30:13', '2020-12-13 11:02:54'),
(13, '5', NULL, 1, 46, '2018-08-08 08:30:13', '2020-12-13 07:30:24'),
(14, '4', NULL, 1, 155, '2018-08-08 09:16:09', '2020-12-13 11:02:54'),
(15, '4', NULL, 2, 121, '2018-08-08 11:16:15', '2020-03-02 05:57:41'),
(16, '2', NULL, 2, 1847, '2018-08-08 11:26:49', '2020-04-06 13:41:11'),
(17, '1', NULL, 2, 71.5, '2018-08-08 11:33:33', '2020-05-04 14:16:40'),
(18, '3', NULL, 2, 68, '2018-08-08 23:47:23', '2020-03-02 05:54:14'),
(19, '5', NULL, 2, 63, '2018-08-08 23:48:36', '2020-02-03 09:52:56'),
(20, '10', NULL, 1, 46, '2018-08-08 23:49:29', '2020-06-08 09:27:14'),
(21, '10', NULL, 2, 61, '2018-08-08 23:49:55', '2018-12-01 00:05:18'),
(22, '22', NULL, 1, 0, '2018-09-03 04:06:09', '2020-05-06 15:30:37'),
(23, '22', NULL, 2, 22, '2018-09-03 04:07:14', '2019-12-23 06:59:46'),
(24, '24', NULL, 2, 0, '2018-09-15 21:49:30', '2018-09-15 21:50:49'),
(25, '25', NULL, 1, -1, '2018-10-23 01:14:21', '2020-12-13 07:30:24'),
(26, '25', NULL, 2, 18, '2018-10-23 01:14:41', '2020-04-06 13:35:12'),
(27, '31', NULL, 1, 7, '2018-12-04 23:34:30', '2020-12-13 11:02:54'),
(28, '30', NULL, 1, 12, '2018-12-04 23:34:30', '2020-12-13 11:02:54'),
(29, '31', NULL, 2, 15, '2018-12-04 23:35:08', '2020-04-06 13:41:11'),
(30, '30', NULL, 2, 13, '2018-12-04 23:35:08', '2020-04-06 13:53:31'),
(31, '32', NULL, 1, 6, '2018-12-18 23:57:16', '2020-12-13 11:02:54'),
(32, '32', NULL, 2, 20, '2018-12-18 23:57:41', '2019-11-11 04:28:59'),
(33, '33', NULL, 1, 13, '2018-12-24 00:38:40', '2020-12-13 11:02:54'),
(34, '33', NULL, 2, 25, '2019-02-09 04:21:38', '2019-11-03 05:39:49'),
(35, '48', 3, 1, 1, '2019-11-25 14:23:02', '2020-12-13 11:02:54'),
(36, '48', 2, 1, 2, '2019-11-26 06:47:42', '2020-12-13 11:02:54'),
(37, '48', 3, 2, 10, '2019-11-26 08:12:08', '2020-05-06 14:09:23'),
(38, '48', 2, 2, 11, '2019-11-26 08:12:08', '2020-01-10 11:22:06'),
(39, '48', 5, 1, 0, '2019-12-21 10:18:51', '2020-12-13 11:02:54'),
(40, '48', 5, 2, 10, '2019-12-22 08:36:39', '2020-03-16 14:08:26'),
(41, '49', NULL, 1, 3, NULL, '2020-12-13 11:02:54'),
(42, '52', NULL, 1, 18, NULL, '2020-06-28 16:36:18');

-- --------------------------------------------------------

--
-- Table structure for table `purchases`
--

CREATE TABLE `purchases` (
  `id` int(10) UNSIGNED NOT NULL,
  `reference_no` varchar(191) COLLATE utf8mb4_unicode_ci NOT NULL,
  `user_id` int(11) NOT NULL,
  `warehouse_id` int(11) NOT NULL,
  `supplier_id` int(11) DEFAULT NULL,
  `item` int(11) NOT NULL,
  `total_qty` double NOT NULL,
  `total_discount` double NOT NULL,
  `total_tax` double NOT NULL,
  `total_cost` double NOT NULL,
  `order_tax_rate` double DEFAULT NULL,
  `order_tax` double DEFAULT NULL,
  `order_discount` double DEFAULT NULL,
  `shipping_cost` double DEFAULT NULL,
  `grand_total` double NOT NULL,
  `paid_amount` double NOT NULL,
  `status` int(11) NOT NULL,
  `payment_status` int(11) NOT NULL,
  `document` varchar(191) COLLATE utf8mb4_unicode_ci DEFAULT NULL,
  `note` text COLLATE utf8mb4_unicode_ci,
  `created_at` timestamp NULL DEFAULT NULL,
  `updated_at` timestamp NULL DEFAULT NULL
) ENGINE=InnoDB DEFAULT CHARSET=utf8mb4 COLLATE=utf8mb4_unicode_ci;

--
-- Dumping data for table `purchases`
--

INSERT INTO `purchases` (`id`, `reference_no`, `user_id`, `warehouse_id`, `supplier_id`, `item`, `total_qty`, `total_discount`, `total_tax`, `total_cost`, `order_tax_rate`, `order_tax`, `order_discount`, `shipping_cost`, `grand_total`, `paid_amount`, `status`, `payment_status`, `document`, `note`, `created_at`, `updated_at`) VALUES
(12, 'pr-20180808-051614', 1, 2, 3, 2, 300, 0, 0, 10200, 0, 0, 0, 0, 10200, 0, 1, 1, NULL, NULL, '2018-08-08 11:16:14', '2018-09-22 02:53:24'),
(13, 'pr-20180809-054723', 1, 2, 3, 4, 410, 0, 7304.35, 92600, 10, 9260, 0, 500, 102360, 300, 1, 1, NULL, NULL, '2018-08-08 23:47:23', '2018-08-30 03:07:18'),
(14, 'pr-20180809-012348', 1, 1, 1, 5, 400, 0, 4452.17, 75300, 10, 7480, 500, 1000, 83280, 0, 1, 1, NULL, NULL, '2018-08-09 07:23:48', '2018-08-09 07:23:48'),
(15, 'pr-20180903-100609', 1, 1, 1, 1, 20, 0, 1600, 17600, 0, 0, 0, 100, 17700, 0, 1, 1, NULL, NULL, '2018-09-03 04:06:09', '2018-10-07 22:11:24'),
(16, 'pr-20180903-100714', 1, 2, 3, 1, 20, 0, 1600, 17600, 0, 0, 0, 150, 17750, 3350, 1, 1, NULL, NULL, '2018-09-03 04:07:14', '2018-10-07 00:57:36'),
(18, 'pr-20181022-042625', 1, 1, 1, 1, 50, 0, 0, 50, 0, 0, NULL, NULL, 50, 0, 1, 1, NULL, NULL, '2018-10-22 10:26:25', '2018-10-22 10:26:25'),
(19, 'pr-20181022-042652', 1, 2, 3, 1, 50, 0, 0, 50, 0, 0, NULL, NULL, 50, 0, 1, 1, NULL, NULL, '2018-10-22 10:26:52', '2018-10-22 10:26:52'),
(20, 'pr-20181023-071420', 11, 1, 1, 1, 15, 0, 750, 8250, 0, 0, NULL, NULL, 8250, 0, 1, 1, NULL, NULL, '2018-10-23 01:14:20', '2018-10-23 01:14:20'),
(21, 'pr-20181023-071441', 11, 2, 3, 1, 15, 0, 750, 8250, 0, 0, 0, 0, 8250, 0, 1, 1, NULL, NULL, '2018-10-23 01:14:41', '2018-10-23 01:14:58'),
(22, 'pr-20181101-045903', 1, 1, 1, 1, 5, 0, 400, 4400, 0, 0, NULL, NULL, 4400, 0, 1, 1, NULL, NULL, '2018-10-31 22:59:03', '2018-10-31 22:59:03'),
(23, 'pr-20181101-045928', 1, 2, 3, 1, 5, 0, 400, 4400, 10, 430, 100, 0, 4730, 500, 1, 1, NULL, NULL, '2018-10-31 22:59:28', '2018-12-04 01:01:34'),
(24, 'pr-20181105-091819', 1, 2, 1, 2, 20, 0, 1450, 15950, 0, 0, NULL, NULL, 15950, 15950, 1, 2, NULL, NULL, '2018-11-05 03:18:19', '2018-11-05 03:21:27'),
(25, 'pr-20181205-053429', 1, 1, 1, 2, 30, 0, 0, 4500, 0, 0, 100, 50, 4450, 4450, 1, 2, NULL, NULL, '2018-12-04 23:34:29', '2018-12-04 23:34:43'),
(26, 'pr-20181205-053508', 1, 2, 3, 2, 30, 0, 0, 4500, 0, 0, NULL, NULL, 4500, 0, 1, 1, NULL, NULL, '2018-12-04 23:35:08', '2018-12-10 00:20:52'),
(27, 'pr-20181219-055716', 1, 2, NULL, 1, 10, 0, 0, 10, 0, 0, 0, 0, 10, 10, 1, 2, NULL, NULL, '2018-12-18 23:57:16', '2018-12-20 00:34:39'),
(33, 'pr-20181224-063840', 1, 1, NULL, 1, 10, 0, 0, 10, 0, 0, 0, 0, 10, 0, 1, 1, NULL, NULL, '2018-12-24 00:38:40', '2018-12-24 03:04:21'),
(34, 'pr-20190103-070123', 1, 1, 1, 2, 4, 0, 260, 2860, 0, 0, NULL, NULL, 2860, 2860, 1, 2, NULL, NULL, '2019-01-03 01:01:23', '2019-01-29 04:03:24'),
(35, 'pr-20190129-095448', 9, 1, 1, 2, 4, 0, 0, 600, 0, 0, NULL, NULL, 600, 100, 1, 1, NULL, NULL, '2019-01-29 03:54:48', '2019-02-07 07:06:40'),
(36, 'pr-20190129-095558', 9, 2, 1, 2, 5, 0, 0, 650, 0, 0, NULL, NULL, 650, 650, 1, 2, NULL, NULL, '2019-01-29 03:55:58', '2019-01-29 04:03:02'),
(37, 'pr-20190209-102138', 1, 2, 1, 3, 18, 0, 580, 6390, 0, 0, 0, 0, 6390, 6390, 1, 2, NULL, NULL, '2019-02-09 04:21:38', '2019-06-13 04:13:51'),
(38, 'pr-20190209-102208', 1, 1, 1, 2, 13, 0, 150, 1660, 0, 0, 0, 0, 1660, 1660, 1, 2, NULL, NULL, '2019-02-09 04:22:08', '2019-02-09 04:49:40'),
(39, 'pr-20190209-104413', 1, 1, 1, 2, 3, 10, 63, 885, 10, 88.5, NULL, NULL, 973.5, 973.5, 1, 2, NULL, NULL, '2019-02-09 04:44:13', '2019-02-09 04:49:59'),
(40, 'pr-20190303-103917', 1, 1, 1, 1, 10, 0, 0, 100, 0, 0, NULL, NULL, 100, 100, 1, 2, NULL, NULL, '2019-03-03 04:39:17', '2019-03-03 04:40:46'),
(41, 'pr-20190303-104358', 1, 2, NULL, 2, 15, 0, 320, 3570, 0, 0, NULL, NULL, 3570, 1000, 1, 1, NULL, NULL, '2019-03-03 04:43:58', '2019-04-13 11:02:41'),
(42, 'pr-20190404-095757', 1, 1, 3, 2, 2, 0, 0, 300, 0, 0, 0, 0, 300, 300, 1, 2, NULL, NULL, '2019-04-04 03:57:57', '2019-04-13 13:50:08'),
(43, 'pr-20190613-101600', 1, 2, 1, 2, 6, 0, 390, 4290, 0, 0, NULL, NULL, 4290, 4290, 1, 2, NULL, NULL, '2019-06-13 04:16:00', '2019-10-19 09:29:25'),
(44, 'pr-20191019-033119', 1, 2, 3, 2, 2, 0, 130, 1430, 0, 0, NULL, NULL, 1430, 0, 1, 1, NULL, NULL, '2019-10-19 09:31:19', '2019-10-19 09:31:19'),
(46, 'pr-20191103-113949', 1, 2, 3, 2, 20, 0, 0, 150, 0, 0, NULL, 50, 200, 200, 1, 2, NULL, NULL, '2019-11-03 05:39:49', '2019-11-03 05:42:22'),
(47, 'pr-20191109-112510', 1, 1, NULL, 2, 3, 10, 63, 885, 0, 0, NULL, 66, 951, 0, 1, 1, NULL, NULL, '2019-11-09 05:25:10', '2019-11-09 05:25:10'),
(48, 'pr-20191110-070221', 1, 2, NULL, 1, 100, 0, 0, 100, 0, 0, NULL, 40, 140, 0, 1, 1, NULL, NULL, '2019-11-10 13:02:21', '2019-11-10 13:02:21'),
(49, 'pr-20191111-102155', 1, 2, 1, 1, 10, 0, 800, 8800, 0, 0, 0, 50, 8850, 7000, 1, 1, NULL, NULL, '2019-11-11 04:21:55', '2020-01-01 08:22:25'),
(55, 'pr-20191127-102835', 1, 1, NULL, 2, 2, 0, 0, 4, 0, 0, NULL, NULL, 4, 4, 1, 2, NULL, NULL, '2019-11-27 16:28:35', '2020-01-01 08:21:52'),
(56, 'pr-20191127-102906', 1, 2, NULL, 1, 1, 0, 0, 2, 0, 0, 0, 0, 2, 2, 1, 2, NULL, NULL, '2019-11-27 16:29:06', '2020-01-01 08:21:44'),
(57, 'pr-20191204-110749', 1, 1, 1, 1, 1, 0, 0, 200, 0, 0, NULL, 20, 220, 220, 1, 2, NULL, NULL, '2019-12-04 17:07:49', '2019-12-04 17:11:24'),
(58, 'pr-20191205-102110', 1, 1, 1, 2, 2, 0, 0, 4, 0, 0, 0, 0, 4, 4, 1, 2, NULL, NULL, '2019-12-05 04:21:10', '2020-01-01 08:21:37'),
(59, 'pr-20191221-041851', 1, 1, NULL, 3, 3, 0, 0, 6, 0, 0, 0, 0, 6, 6, 1, 2, NULL, NULL, '2019-12-21 10:18:51', '2020-01-01 08:21:31'),
(61, 'pr-20200101-010631', 1, 2, 1, 3, 30, 0, 0, 60, 0, 0, NULL, NULL, 60, 60, 1, 2, NULL, NULL, '2020-01-01 07:06:31', '2020-01-01 07:07:50'),
(62, 'pr-20200101-022402', 1, 2, NULL, 1, 3, 0, 150, 1650, 0, 0, NULL, NULL, 1650, 0, 1, 1, NULL, NULL, '2020-01-01 08:24:02', '2020-01-01 08:24:02'),
(67, 'pr-20200204-110041', 1, 2, 1, 2, 2, 0, 0, 300, 0, 0, NULL, NULL, 300, 300, 1, 2, NULL, NULL, '2020-02-04 17:00:41', '2020-02-04 17:00:50'),
(69, 'pr-20200302-115510', 1, 2, NULL, 1, 50, 0, 0, 50, 0, 0, NULL, NULL, 50, 50, 1, 2, NULL, NULL, '2020-03-02 05:55:10', '2020-03-02 05:58:20'),
(70, 'pr-20200302-115603', 1, 1, 1, 1, 50, 0, 0, 50, 0, 0, NULL, NULL, 50, 50, 1, 2, NULL, NULL, '2020-03-02 05:56:03', '2020-03-02 05:58:11'),
(71, 'pr-20200406-073512', 1, 2, 3, 3, 11, 0, 150, 3050, 10, 305, NULL, NULL, 3355, 2000, 1, 1, NULL, NULL, '2020-04-06 13:35:12', '2020-04-06 13:38:23'),
(72, 'pr-20200506-051723', 1, 1, 1, 1, 90, 0, 4500, 49500, 0, 0, NULL, NULL, 49500, 0, 1, 1, NULL, NULL, '2020-05-06 15:17:23', '2020-05-06 15:17:23'),
(73, 'pr-20200509-110901', 1, 1, 3, 1, 6, 0, 300, 0, 0, 0, NULL, NULL, 0, 0, 1, 1, NULL, NULL, '2020-05-09 21:09:01', '2020-05-09 21:09:01'),
(74, 'pr-20200509-111851', 1, 1, 1, 1, 1, 0, 200, 0, 0, 0, NULL, NULL, 0, 0, 1, 1, NULL, NULL, '2020-05-09 21:18:51', '2020-05-09 21:18:51'),
(75, 'pr-20200509-112024', 1, 1, 1, 1, 1, 0, 100, 0, 0, 0, NULL, NULL, 0, 0, 2, 1, NULL, NULL, '2020-05-09 21:20:24', '2020-05-09 21:20:24'),
(76, 'pr-20200509-114519', 1, 1, 1, 2, 8, 0, 1500, 0, 0, 0, NULL, NULL, 0, 0, 1, 1, NULL, NULL, '2020-05-09 21:45:19', '2020-05-09 21:45:19'),
(77, 'pr-20200510-121147', 1, 1, 1, 1, 6, 0, 0, 600, 0, 0, NULL, NULL, 600, 0, 1, 1, NULL, NULL, '2020-05-09 22:11:47', '2020-05-09 22:11:47'),
(78, 'pr-20200510-121346', 1, 1, 1, 1, 1, 0, 0, 100, 0, 0, NULL, NULL, 100, 0, 1, 1, NULL, 'aaaa', '2020-05-09 22:13:46', '2020-05-09 22:13:46'),
(79, 'pr-20200510-122159', 1, 1, 1, 1, 1, 0, 0, 100, 0, 0, NULL, NULL, 100, 0, 1, 1, NULL, 'ddeded', '2020-05-09 22:21:59', '2020-05-09 22:21:59'),
(80, 'pr-20200510-122728', 1, 1, 1, 1, 1, 0, 0, 1, 0, 0, NULL, NULL, 1, 0, 1, 1, NULL, NULL, '2020-05-09 22:27:28', '2020-05-09 22:27:28'),
(82, 'pr-20200510-123239', 1, 1, 1, 1, 1, 0, 0, 100, 0, 0, NULL, NULL, 100, 50, 1, 1, NULL, NULL, '2020-05-09 22:32:39', '2020-06-05 07:21:49'),
(83, 'pr-20200607-043045', 1, 1, 1, 2, 8, 0, 382, 4202, 0, 0, NULL, NULL, 4202, 4202, 1, 2, NULL, NULL, '2020-06-07 14:30:45', '2020-06-07 14:31:09'),
(84, 'pr-20201213-110833', 1, 1, 1, 1, 3, 0, 96, 1056, 0, 0, NULL, NULL, 1056, 0, 1, 1, NULL, NULL, '2020-12-13 09:08:33', '2020-12-13 09:08:33');

-- --------------------------------------------------------

--
-- Table structure for table `purchase_product_return`
--

CREATE TABLE `purchase_product_return` (
  `id` int(10) UNSIGNED NOT NULL,
  `return_id` int(11) NOT NULL,
  `product_id` int(11) NOT NULL,
  `variant_id` int(11) DEFAULT NULL,
  `qty` double NOT NULL,
  `purchase_unit_id` int(11) NOT NULL,
  `net_unit_cost` double NOT NULL,
  `discount` double NOT NULL,
  `tax_rate` double NOT NULL,
  `tax` double NOT NULL,
  `total` double NOT NULL,
  `created_at` timestamp NULL DEFAULT NULL,
  `updated_at` timestamp NULL DEFAULT NULL
) ENGINE=InnoDB DEFAULT CHARSET=utf8mb4 COLLATE=utf8mb4_unicode_ci;

--
-- Dumping data for table `purchase_product_return`
--

INSERT INTO `purchase_product_return` (`id`, `return_id`, `product_id`, `variant_id`, `qty`, `purchase_unit_id`, `net_unit_cost`, `discount`, `tax_rate`, `tax`, `total`, `created_at`, `updated_at`) VALUES
(1, 1, 3, NULL, 1, 1, 200, 0, 0, 0, 200, NULL, '2019-12-07 11:19:03');

-- --------------------------------------------------------

--
-- Table structure for table `quotations`
--

CREATE TABLE `quotations` (
  `id` int(10) UNSIGNED NOT NULL,
  `reference_no` varchar(191) COLLATE utf8mb4_unicode_ci NOT NULL,
  `user_id` int(11) NOT NULL,
  `biller_id` int(11) NOT NULL,
  `supplier_id` int(11) DEFAULT NULL,
  `customer_id` int(11) NOT NULL,
  `warehouse_id` int(11) NOT NULL,
  `item` int(11) NOT NULL,
  `total_qty` double NOT NULL,
  `total_discount` double NOT NULL,
  `total_tax` double NOT NULL,
  `total_price` double NOT NULL,
  `order_tax_rate` double DEFAULT NULL,
  `order_tax` double DEFAULT NULL,
  `order_discount` double DEFAULT NULL,
  `shipping_cost` double DEFAULT NULL,
  `grand_total` double NOT NULL,
  `quotation_status` int(11) NOT NULL,
  `document` varchar(191) COLLATE utf8mb4_unicode_ci DEFAULT NULL,
  `note` text COLLATE utf8mb4_unicode_ci,
  `created_at` timestamp NULL DEFAULT NULL,
  `updated_at` timestamp NULL DEFAULT NULL
) ENGINE=InnoDB DEFAULT CHARSET=utf8mb4 COLLATE=utf8mb4_unicode_ci;

--
-- Dumping data for table `quotations`
--

INSERT INTO `quotations` (`id`, `reference_no`, `user_id`, `biller_id`, `supplier_id`, `customer_id`, `warehouse_id`, `item`, `total_qty`, `total_discount`, `total_tax`, `total_price`, `order_tax_rate`, `order_tax`, `order_discount`, `shipping_cost`, `grand_total`, `quotation_status`, `document`, `note`, `created_at`, `updated_at`) VALUES
(1, 'qr-20180809-055250', 1, 1, 3, 3, 1, 3, 57, 35, 767.73, 5930, 10, 583, 100, 500, 6913, 2, NULL, 'first quotation...', '2018-08-08 23:52:50', '2018-09-04 03:32:16'),
(2, 'qr-20180904-040257', 1, 1, NULL, 1, 1, 2, 3.5, 0, 0, 76, 0, 0, 1.6, 2.7, 77.1, 1, NULL, NULL, '2018-09-03 22:02:57', '2018-09-21 07:05:57'),
(3, 'qr-20181023-061249', 9, 1, 3, 11, 1, 2, 2, 0, 40, 453, 0, 0, 0, 0, 453, 2, NULL, NULL, '2018-10-23 00:12:49', '2019-12-21 06:41:36');

-- --------------------------------------------------------

--
-- Table structure for table `returns`
--

CREATE TABLE `returns` (
  `id` int(10) UNSIGNED NOT NULL,
  `reference_no` varchar(191) COLLATE utf8mb4_unicode_ci NOT NULL,
  `user_id` int(11) NOT NULL,
  `customer_id` int(11) NOT NULL,
  `warehouse_id` int(11) NOT NULL,
  `biller_id` int(11) NOT NULL,
  `account_id` int(11) NOT NULL,
  `item` int(11) NOT NULL,
  `total_qty` double NOT NULL,
  `total_discount` double NOT NULL,
  `total_tax` double NOT NULL,
  `total_price` double NOT NULL,
  `order_tax_rate` double DEFAULT NULL,
  `order_tax` double DEFAULT NULL,
  `grand_total` double NOT NULL,
  `document` varchar(191) COLLATE utf8mb4_unicode_ci DEFAULT NULL,
  `return_note` text COLLATE utf8mb4_unicode_ci,
  `staff_note` text COLLATE utf8mb4_unicode_ci,
  `created_at` timestamp NULL DEFAULT NULL,
  `updated_at` timestamp NULL DEFAULT NULL
) ENGINE=InnoDB DEFAULT CHARSET=utf8mb4 COLLATE=utf8mb4_unicode_ci;

--
-- Dumping data for table `returns`
--

INSERT INTO `returns` (`id`, `reference_no`, `user_id`, `customer_id`, `warehouse_id`, `biller_id`, `account_id`, `item`, `total_qty`, `total_discount`, `total_tax`, `total_price`, `order_tax_rate`, `order_tax`, `grand_total`, `document`, `return_note`, `staff_note`, `created_at`, `updated_at`) VALUES
(2, 'rr-20180809-055834', 1, 1, 1, 1, 1, 1, 20, 0, 0, 40, 10, 4, 44, NULL, NULL, NULL, '2018-08-08 23:58:34', '2018-08-08 23:58:34'),
(3, 'rr-20180828-045527', 1, 1, 2, 1, 1, 1, 2, 0, 0, 44, 0, 0, 44, NULL, NULL, NULL, '2018-08-27 22:55:27', '2018-09-20 11:03:47'),
(5, 'rr-20181007-082129', 1, 11, 2, 2, 1, 1, 1, 0, 0, 250, 0, 0, 250, NULL, NULL, NULL, '2018-10-07 02:21:29', '2018-12-25 22:16:08'),
(6, 'rr-20190101-090630', 9, 1, 1, 1, 1, 1, 1, 0, 40, 440, 0, 0, 440, NULL, NULL, NULL, '2019-01-01 03:06:30', '2019-01-01 03:06:30'),
(13, 'rr-20200504-042730', 1, 11, 1, 2, 1, 1, 1, 0, 18.78, 144, 0, 0, 144, NULL, NULL, NULL, '2020-05-04 14:27:30', '2020-05-04 14:27:30'),
(14, 'rr-20200608-033243', 1, 11, 1, 1, 1, 1, 1, 0, 100, 1100, 0, 0, 1100, NULL, NULL, NULL, '2020-06-08 01:32:43', '2020-06-08 01:32:43'),
(15, 'rr-20200810-080950', 1, 11, 1, 1, 1, 1, 1, 0, 0, 33, 0, 0, 33, NULL, NULL, NULL, '2020-08-10 18:09:50', '2020-08-10 18:09:50');

-- --------------------------------------------------------

--
-- Table structure for table `return_purchases`
--

CREATE TABLE `return_purchases` (
  `id` int(10) UNSIGNED NOT NULL,
  `reference_no` varchar(191) COLLATE utf8mb4_unicode_ci NOT NULL,
  `supplier_id` int(11) DEFAULT NULL,
  `warehouse_id` int(11) NOT NULL,
  `user_id` int(11) NOT NULL,
  `account_id` int(11) NOT NULL,
  `item` int(11) NOT NULL,
  `total_qty` double NOT NULL,
  `total_discount` double NOT NULL,
  `total_tax` double NOT NULL,
  `total_cost` double NOT NULL,
  `order_tax_rate` double DEFAULT NULL,
  `order_tax` double DEFAULT NULL,
  `grand_total` double NOT NULL,
  `document` varchar(191) COLLATE utf8mb4_unicode_ci DEFAULT NULL,
  `return_note` text COLLATE utf8mb4_unicode_ci,
  `staff_note` text COLLATE utf8mb4_unicode_ci,
  `created_at` timestamp NULL DEFAULT NULL,
  `updated_at` timestamp NULL DEFAULT NULL
) ENGINE=InnoDB DEFAULT CHARSET=utf8mb4 COLLATE=utf8mb4_unicode_ci;

--
-- Dumping data for table `return_purchases`
--

INSERT INTO `return_purchases` (`id`, `reference_no`, `supplier_id`, `warehouse_id`, `user_id`, `account_id`, `item`, `total_qty`, `total_discount`, `total_tax`, `total_cost`, `order_tax_rate`, `order_tax`, `grand_total`, `document`, `return_note`, `staff_note`, `created_at`, `updated_at`) VALUES
(1, 'prr-20190101-090759', 3, 1, 1, 1, 1, 1, 0, 0, 200, 0, 0, 200, NULL, NULL, NULL, '2019-01-01 03:07:59', '2019-12-07 11:19:03');

-- --------------------------------------------------------

--
-- Table structure for table `roles`
--

CREATE TABLE `roles` (
  `id` int(10) UNSIGNED NOT NULL,
  `name` varchar(191) COLLATE utf8mb4_unicode_ci NOT NULL,
  `description` text COLLATE utf8mb4_unicode_ci,
  `guard_name` varchar(191) COLLATE utf8mb4_unicode_ci DEFAULT NULL,
  `is_active` tinyint(1) NOT NULL,
  `created_at` timestamp NULL DEFAULT NULL,
  `updated_at` timestamp NULL DEFAULT NULL
) ENGINE=InnoDB DEFAULT CHARSET=utf8mb4 COLLATE=utf8mb4_unicode_ci;

--
-- Dumping data for table `roles`
--

INSERT INTO `roles` (`id`, `name`, `description`, `guard_name`, `is_active`, `created_at`, `updated_at`) VALUES
(1, 'Admin', 'admin can access all data...', 'web', 1, '2018-06-01 23:46:44', '2018-06-02 23:13:05'),
(2, 'Owner', 'Owner of shop...', 'web', 1, '2018-10-22 02:38:13', '2018-10-22 02:38:13'),
(4, 'staff', 'staff has specific acess...', 'web', 1, '2018-06-02 00:05:27', '2018-06-02 00:05:27'),
(5, 'cacher', NULL, 'web', 1, '2020-05-05 14:32:05', '2020-05-05 14:32:05');

-- --------------------------------------------------------

--
-- Table structure for table `role_has_permissions`
--

CREATE TABLE `role_has_permissions` (
  `permission_id` int(10) UNSIGNED NOT NULL,
  `role_id` int(10) UNSIGNED NOT NULL
) ENGINE=InnoDB DEFAULT CHARSET=utf8mb4 COLLATE=utf8mb4_unicode_ci;

--
-- Dumping data for table `role_has_permissions`
--

INSERT INTO `role_has_permissions` (`permission_id`, `role_id`) VALUES
(4, 1),
(5, 1),
(6, 1),
(7, 1),
(8, 1),
(9, 1),
(10, 1),
(11, 1),
(12, 1),
(13, 1),
(14, 1),
(15, 1),
(16, 1),
(17, 1),
(18, 1),
(19, 1),
(20, 1),
(21, 1),
(22, 1),
(23, 1),
(24, 1),
(25, 1),
(26, 1),
(27, 1),
(28, 1),
(29, 1),
(30, 1),
(31, 1),
(32, 1),
(33, 1),
(34, 1),
(35, 1),
(36, 1),
(37, 1),
(38, 1),
(39, 1),
(40, 1),
(41, 1),
(42, 1),
(43, 1),
(44, 1),
(45, 1),
(46, 1),
(47, 1),
(48, 1),
(49, 1),
(50, 1),
(51, 1),
(52, 1),
(53, 1),
(54, 1),
(55, 1),
(56, 1),
(57, 1),
(58, 1),
(59, 1),
(60, 1),
(61, 1),
(62, 1),
(63, 1),
(64, 1),
(65, 1),
(66, 1),
(67, 1),
(68, 1),
(69, 1),
(70, 1),
(71, 1),
(72, 1),
(73, 1),
(74, 1),
(75, 1),
(76, 1),
(77, 1),
(78, 1),
(79, 1),
(80, 1),
(81, 1),
(82, 1),
(83, 1),
(84, 1),
(85, 1),
(86, 1),
(87, 1),
(88, 1),
(89, 1),
(90, 1),
(91, 1),
(92, 1),
(93, 1),
(94, 1),
(95, 1),
(96, 1),
(97, 1),
(4, 2),
(5, 2),
(6, 2),
(7, 2),
(8, 2),
(9, 2),
(10, 2),
(11, 2),
(12, 2),
(13, 2),
(14, 2),
(15, 2),
(16, 2),
(17, 2),
(18, 2),
(19, 2),
(20, 2),
(21, 2),
(22, 2),
(23, 2),
(24, 2),
(25, 2),
(26, 2),
(27, 2),
(28, 2),
(29, 2),
(30, 2),
(31, 2),
(32, 2),
(33, 2),
(34, 2),
(35, 2),
(36, 2),
(37, 2),
(38, 2),
(39, 2),
(40, 2),
(41, 2),
(42, 2),
(43, 2),
(44, 2),
(45, 2),
(46, 2),
(47, 2),
(48, 2),
(49, 2),
(50, 2),
(51, 2),
(52, 2),
(53, 2),
(54, 2),
(55, 2),
(56, 2),
(57, 2),
(58, 2),
(59, 2),
(60, 2),
(61, 2),
(62, 2),
(63, 2),
(64, 2),
(65, 2),
(66, 2),
(67, 2),
(68, 2),
(69, 2),
(70, 2),
(71, 2),
(72, 2),
(73, 2),
(74, 2),
(75, 2),
(76, 2),
(77, 2),
(78, 2),
(79, 2),
(80, 2),
(81, 2),
(82, 2),
(83, 2),
(84, 2),
(85, 2),
(86, 2),
(87, 2),
(88, 2),
(6, 4),
(7, 4),
(8, 4),
(9, 4),
(12, 4),
(13, 4),
(20, 4),
(21, 4),
(24, 4),
(25, 4),
(28, 4),
(29, 4),
(63, 4),
(64, 4);

-- --------------------------------------------------------

--
-- Table structure for table `sales`
--

CREATE TABLE `sales` (
  `id` int(10) UNSIGNED NOT NULL,
  `reference_no` varchar(191) COLLATE utf8mb4_unicode_ci NOT NULL,
  `user_id` int(11) NOT NULL,
  `customer_id` int(11) NOT NULL,
  `warehouse_id` int(11) NOT NULL,
  `biller_id` int(11) DEFAULT NULL,
  `item` int(11) NOT NULL,
  `total_qty` double NOT NULL,
  `total_discount` double NOT NULL,
  `total_tax` double NOT NULL,
  `total_price` double NOT NULL,
  `grand_total` double NOT NULL,
  `order_tax_rate` double DEFAULT NULL,
  `order_tax` double DEFAULT NULL,
  `order_discount` double DEFAULT NULL,
  `coupon_id` int(11) DEFAULT NULL,
  `coupon_discount` double DEFAULT NULL,
  `shipping_cost` double DEFAULT NULL,
  `sale_status` int(11) NOT NULL,
  `payment_status` int(11) NOT NULL,
  `document` varchar(191) COLLATE utf8mb4_unicode_ci DEFAULT NULL,
  `paid_amount` double DEFAULT NULL,
  `sale_note` text COLLATE utf8mb4_unicode_ci,
  `staff_note` text COLLATE utf8mb4_unicode_ci,
  `created_at` timestamp NULL DEFAULT NULL,
  `updated_at` timestamp NULL DEFAULT NULL
) ENGINE=InnoDB DEFAULT CHARSET=utf8mb4 COLLATE=utf8mb4_unicode_ci;

--
-- Dumping data for table `sales`
--

INSERT INTO `sales` (`id`, `reference_no`, `user_id`, `customer_id`, `warehouse_id`, `biller_id`, `item`, `total_qty`, `total_discount`, `total_tax`, `total_price`, `grand_total`, `order_tax_rate`, `order_tax`, `order_discount`, `coupon_id`, `coupon_discount`, `shipping_cost`, `sale_status`, `payment_status`, `document`, `paid_amount`, `sale_note`, `staff_note`, `created_at`, `updated_at`) VALUES
(1, 'sr-20180808-043622', 1, 1, 1, 1, 2, 3, 10, 15.65, 350, 380, 10, 30, 50, NULL, NULL, 50, 1, 2, NULL, 0, 'ukgjkgjkgkj', 'gjkgjkgkujg', '2018-08-08 10:36:22', '2018-10-06 09:25:29'),
(2, 'sr-20180809-055453', 1, 3, 1, 1, 3, 63, 0, 469.3, 5103, 5503, 0, 0, 100, NULL, NULL, 500, 1, 2, NULL, 2200, NULL, NULL, '2018-08-08 23:54:53', '2018-08-08 23:56:35'),
(3, 'posr-20180809-063214', 1, 2, 2, 2, 3, 26, 0, 0, 897, 897, 0, 0, NULL, NULL, NULL, NULL, 1, 4, NULL, 897, NULL, NULL, '2018-08-09 00:32:14', '2018-08-09 00:32:14'),
(4, 'sr-20180825-034836', 1, 1, 1, 1, 1, 2, 0, 80, 880, 880, 0, 0, NULL, NULL, NULL, NULL, 1, 2, NULL, 300, NULL, NULL, '2018-08-24 21:48:36', '2018-09-22 02:56:03'),
(6, 'sr-20180826-094836', 1, 2, 1, 2, 1, 1, 0, 0, 18.9, 20, 0, 0, 0, NULL, NULL, 1.1, 1, 4, NULL, 20, NULL, NULL, '2018-08-26 03:48:36', '2018-08-26 05:48:05'),
(7, 'sr-20180827-073545', 1, 1, 1, 1, 1, 2, 0, 80, 880, 880, 0, 0, NULL, NULL, NULL, NULL, 1, 4, NULL, 880, NULL, NULL, '2018-08-27 01:35:45', '2018-08-27 01:35:45'),
(8, 'posr-20180902-053954', 1, 1, 1, 2, 1, 2, 0, 288, 3168, 3529.8, 10, 311.8, 50, NULL, NULL, 100, 1, 4, NULL, 3529.8, 'good customer', 'good customer', '2018-09-01 23:39:54', '2018-09-01 23:39:54'),
(9, 'posr-20180903-033314', 1, 1, 2, 1, 1, 10, 0, 0, 20, 20, 0, 0, NULL, NULL, NULL, NULL, 1, 4, NULL, 20, NULL, NULL, '2018-09-02 21:33:14', '2018-09-02 21:33:14'),
(10, 'posr-20180903-050138', 1, 11, 2, 1, 1, 1, 0, 0, 250, 250, 0, 0, NULL, NULL, NULL, NULL, 1, 2, NULL, 200, NULL, NULL, '2018-09-02 23:01:38', '2018-09-09 21:40:28'),
(11, 'posr-20180903-100821', 1, 11, 2, 1, 1, 5, 0, 500, 5500, 5500, 0, 0, NULL, NULL, NULL, NULL, 1, 4, NULL, 5500, NULL, NULL, '2018-09-03 04:08:21', '2018-09-03 04:08:21'),
(12, 'sr-20180903-101026', 1, 3, 1, 5, 1, 10, 0, 1050, 11550, 11550, 0, 0, NULL, NULL, NULL, NULL, 1, 2, NULL, 0, NULL, NULL, '2018-09-03 04:10:26', '2018-09-22 02:55:14'),
(29, 'sr-20180909-093841', 1, 1, 1, 1, 1, 1, 0, 0, 120, 132, 10, 12, NULL, NULL, NULL, NULL, 1, 2, NULL, 0, NULL, NULL, '2018-09-09 03:38:41', '2018-10-06 02:36:52'),
(30, 'posr-20180910-045706', 1, 11, 2, 1, 1, 1, 0, 40, 440, 440, 0, 0, 0, NULL, NULL, 0, 1, 2, NULL, 120, NULL, NULL, '2018-09-09 22:57:06', '2018-10-06 00:53:20'),
(31, 'posr-20180926-092059', 1, 11, 2, 1, 2, 2, 0, 55.65, 560, 560, 0, 0, 0, NULL, NULL, 0, 1, 4, NULL, 560, NULL, NULL, '2018-09-26 03:20:59', '2018-09-26 03:21:25'),
(32, 'posr-20181004-095547', 1, 11, 2, 1, 1, 1, 0, 40, 440, 440, 0, 0, NULL, NULL, NULL, NULL, 1, 2, NULL, NULL, NULL, NULL, '2018-10-04 03:55:47', '2018-10-04 03:55:47'),
(33, 'posr-20181004-100022', 1, 11, 2, 1, 1, 1, 0, 40, 440, 440, 0, 0, NULL, NULL, NULL, NULL, 1, 2, NULL, NULL, NULL, NULL, '2018-10-04 04:00:22', '2018-10-04 04:00:22'),
(37, 'sr-20181007-064605', 1, 1, 1, 1, 1, 1, 0, 0, 250, 250, 0, 0, NULL, NULL, NULL, NULL, 1, 2, NULL, 0, NULL, NULL, '2018-10-07 00:46:05', '2018-10-07 00:46:28'),
(38, 'posr-20181007-064719', 1, 11, 2, 1, 1, 1, 0, 40, 440, 440, 0, 0, NULL, NULL, NULL, NULL, 1, 2, NULL, 0, NULL, NULL, '2018-10-07 00:47:19', '2018-10-07 03:17:02'),
(40, 'posr-20181007-071312', 1, 11, 2, 1, 1, 1, 0, 40, 440, 440, 0, 0, NULL, NULL, NULL, NULL, 1, 2, NULL, 0, NULL, NULL, '2018-10-07 01:13:12', '2018-10-07 03:17:39'),
(41, 'posr-20181010-041621', 1, 1, 2, 1, 2, 2, 0, 40, 461, 461, 0, 0, NULL, NULL, NULL, NULL, 1, 4, NULL, 461, NULL, NULL, '2018-10-09 22:16:21', '2018-10-09 22:16:21'),
(42, 'posr-20181010-053450', 1, 1, 2, 1, 1, 1, 0, 40, 440, 440, 0, 0, NULL, NULL, NULL, NULL, 1, 4, NULL, 440, NULL, NULL, '2018-10-09 23:34:50', '2018-10-09 23:34:50'),
(43, 'sr-20181016-033434', 1, 1, 1, 1, 1, 1, 0, 40, 440, 440, 0, 0, NULL, NULL, NULL, NULL, 1, 2, NULL, 0, 'sss\r\nsss\r\ns', NULL, '2018-10-15 21:34:34', '2018-10-23 00:21:27'),
(55, 'posr-20181021-065334', 1, 11, 2, 1, 1, 1, 0, 0, 250, 250, 0, 0, NULL, NULL, NULL, NULL, 1, 4, NULL, 250, NULL, NULL, '2018-10-21 00:53:34', '2018-10-21 00:53:34'),
(57, 'posr-20181021-082612', 1, 11, 2, 1, 2, 3, 0, 40, 482, 575.2, 10, 43.2, 50, NULL, NULL, 100, 1, 4, NULL, 575.2, NULL, NULL, '2018-10-21 02:26:12', '2018-10-21 02:26:12'),
(58, 'posr-20181022-032723', 1, 11, 2, 1, 2, 2, 0, 100, 1220, 1220, 0, 0, NULL, NULL, NULL, NULL, 1, 4, NULL, 1220, NULL, NULL, '2018-10-22 09:27:23', '2018-10-22 09:27:23'),
(73, 'posr-20181023-071543', 11, 11, 1, 5, 2, 5, 0, 500, 5500, 5500, 0, 0, NULL, NULL, NULL, NULL, 1, 4, NULL, 5500, NULL, NULL, '2018-10-23 01:15:43', '2018-10-23 01:15:43'),
(74, 'posr-20181023-071644', 1, 11, 2, 1, 3, 3, 0, 200, 2320, 2320, 0, 0, NULL, NULL, NULL, NULL, 1, 4, NULL, 2320, NULL, NULL, '2018-10-23 01:16:44', '2018-10-23 01:16:44'),
(75, 'posr-20181101-050027', 1, 11, 2, 1, 5, 12, 0, 626.96, 6980, 7678, 10, 698, NULL, NULL, NULL, NULL, 1, 4, NULL, 7678, NULL, NULL, '2018-10-31 23:00:27', '2018-10-31 23:00:27'),
(76, 'posr-20181101-050126', 1, 11, 2, 1, 3, 6, 0, 100, 1434, 1424, 0, 0, 10, NULL, NULL, 0, 1, 4, NULL, 1424, NULL, NULL, '2018-10-31 23:01:26', '2018-11-08 03:44:51'),
(79, 'posr-20181105-091516', 1, 11, 2, 1, 7, 52, 0, 1069.57, 14454, 14454, 0, 0, NULL, NULL, NULL, NULL, 1, 4, NULL, 14454, NULL, NULL, '2018-11-05 03:15:16', '2018-11-05 03:15:16'),
(80, 'posr-20181105-091958', 1, 11, 2, 1, 3, 8, 0, 191.3, 2500, 2500, 0, 0, NULL, NULL, NULL, NULL, 1, 4, NULL, 2500, NULL, NULL, '2018-11-05 03:19:58', '2018-11-05 03:19:58'),
(86, 'posr-20181105-095948', 1, 11, 2, 1, 1, 1, 0, 100, 1100, 1100, 0, 0, NULL, NULL, NULL, NULL, 1, 4, NULL, 1100, NULL, NULL, '2018-11-05 03:59:48', '2018-11-05 03:59:48'),
(88, 'posr-20181105-100258', 1, 11, 2, 1, 1, 1, 0, 100, 1100, 1100, 0, 0, NULL, NULL, NULL, NULL, 1, 4, NULL, 1100, NULL, NULL, '2018-11-05 04:02:58', '2018-11-05 04:02:58'),
(94, 'posr-20181126-020534', 1, 11, 2, 1, 1, 1, 0, 15.65, 120, 120, 0, 0, NULL, NULL, NULL, NULL, 1, 4, NULL, 120, NULL, NULL, '2018-11-26 08:05:34', '2018-11-26 08:05:34'),
(95, 'posr-20181127-093608', 1, 11, 2, 1, 1, 3, 0, 0, 360, 360, 0, 0, NULL, NULL, NULL, NULL, 1, 2, NULL, NULL, NULL, NULL, '2018-11-27 03:36:08', '2018-11-27 03:36:08'),
(96, 'posr-20181128-071509', 1, 11, 2, 1, 1, 1, 0, 15.65, 120, 132, 10, 12, NULL, NULL, NULL, NULL, 1, 4, NULL, 132, NULL, NULL, '2018-11-28 01:15:09', '2018-11-28 01:15:09'),
(97, 'posr-20181201-060518', 1, 11, 2, 1, 2, 3, 0, 31.3, 262, 262, 0, 0, NULL, NULL, NULL, NULL, 1, 2, NULL, 200, NULL, NULL, '2018-12-01 00:05:18', '2018-12-04 00:21:05'),
(98, 'posr-20181205-053558', 1, 11, 2, 1, 2, 4, 0, 0, 800, 800, 0, 0, NULL, NULL, NULL, NULL, 1, 4, NULL, 800, NULL, NULL, '2018-12-04 23:35:58', '2018-12-04 23:35:58'),
(99, 'posr-20181205-053719', 1, 11, 1, 1, 2, 4, 0, 0, 800, 800, 0, 0, NULL, NULL, NULL, NULL, 1, 4, NULL, 800, NULL, NULL, '2018-12-04 23:37:19', '2018-12-04 23:37:19'),
(101, 'posr-20181208-062026', 1, 11, 2, 1, 1, 1, 0, 0, 100, 100, 0, 0, NULL, NULL, NULL, NULL, 1, 4, NULL, 100, NULL, NULL, '2018-12-08 00:20:26', '2018-12-08 00:20:26'),
(103, 'posr-20181224-045832', 1, 11, 2, 1, 1, 1, 0, 15.65, 120, 120, 0, 0, NULL, NULL, NULL, NULL, 1, 4, NULL, 120, NULL, NULL, '2018-12-23 22:58:32', '2018-12-23 22:58:32'),
(104, 'sr-20181224-091527', 1, 1, 1, 2, 2, 6, 0, 0, 2508, 2518, 0, 0, 0, NULL, NULL, 10, 1, 2, NULL, NULL, NULL, NULL, '2018-12-24 03:15:27', '2018-12-24 21:55:23'),
(105, 'posr-20190101-054538', 1, 1, 2, 1, 1, 1, 0, 0, 21, 21, 0, 0, NULL, NULL, NULL, NULL, 1, 4, NULL, 21, NULL, NULL, '2018-12-31 23:45:38', '2018-12-31 23:45:38'),
(106, 'posr-20190101-091040', 1, 11, 2, 1, 3, 5, 0, 15.65, 860, 860, 0, 0, NULL, NULL, NULL, NULL, 1, 4, NULL, 860, NULL, NULL, '2019-01-01 03:10:40', '2019-01-01 03:10:40'),
(107, 'posr-20190103-065626', 1, 11, 2, 1, 6, 10, 0, 395.65, 5040, 5040, 0, 0, NULL, NULL, NULL, NULL, 1, 4, NULL, 5040, NULL, NULL, '2019-01-03 00:56:26', '2019-01-03 00:56:26'),
(108, 'posr-20190120-035824', 1, 11, 2, 1, 1, 1, 0, 15.65, 120, 120, 0, 0, NULL, NULL, NULL, NULL, 1, 4, NULL, 120, NULL, NULL, '2019-01-20 09:58:24', '2019-01-20 09:58:24'),
(109, 'posr-20190129-101443', 9, 11, 1, 5, 2, 2, 0, 40, 540, 540, 0, 0, NULL, NULL, NULL, NULL, 1, 4, NULL, 540, NULL, NULL, '2019-01-29 04:14:43', '2019-01-29 04:14:43'),
(110, 'posr-20190129-115041', 9, 11, 1, 5, 2, 3, 0, 100, 1700, 1700, 0, 0, NULL, NULL, NULL, NULL, 1, 4, NULL, 1700, NULL, NULL, '2019-01-29 05:50:41', '2019-01-29 05:50:41'),
(111, 'posr-20190131-110839', 9, 11, 1, 5, 2, 2, 0, 0, 271, 271, 0, 0, NULL, NULL, NULL, NULL, 1, 4, NULL, 271, NULL, NULL, '2019-01-31 05:08:39', '2019-01-31 05:08:39'),
(112, 'posr-20190202-104045', 1, 11, 2, 1, 1, 1, 0, 40, 440, 440, 0, 0, NULL, NULL, NULL, NULL, 1, 4, NULL, 440, NULL, NULL, '2019-02-02 04:40:45', '2019-02-02 04:40:45'),
(113, 'posr-20190202-114117', 1, 11, 2, 1, 2, 2, 0, 0, 350, 350, 0, 0, NULL, NULL, NULL, NULL, 1, 4, NULL, 350, NULL, NULL, '2019-02-02 05:41:17', '2019-02-02 05:41:17'),
(114, 'posr-20190205-030445', 1, 11, 2, 1, 1, 1, 0, 40, 440, 440, 0, 0, NULL, NULL, NULL, NULL, 1, 4, NULL, 440, NULL, NULL, '2019-02-05 09:04:45', '2019-02-05 09:04:45'),
(120, 'sr-20190207-114036', 1, 1, 1, 2, 1, 1, 0, 40, 440, 440, 0, 0, NULL, NULL, NULL, NULL, 1, 2, NULL, 50, NULL, NULL, '2019-02-07 05:40:36', '2019-02-07 07:09:15'),
(121, 'posr-20190209-104814', 1, 11, 2, 1, 7, 17, 0, 55.65, 1272, 1272, 0, 0, NULL, NULL, NULL, NULL, 1, 4, NULL, 1272, NULL, NULL, '2019-02-09 04:48:14', '2019-02-09 04:48:14'),
(123, 'posr-20190219-023214', 1, 11, 2, 1, 1, 1, 0, 40, 440, 440, 0, 0, NULL, NULL, NULL, NULL, 1, 4, NULL, 440, NULL, NULL, '2019-02-19 08:32:14', '2019-02-19 08:32:14'),
(127, 'posr-20190303-104010', 1, 11, 2, 1, 3, 3, 0, 200, 2500, 2500, 0, 0, NULL, NULL, NULL, NULL, 1, 4, NULL, 2500, NULL, NULL, '2019-03-03 04:40:10', '2019-03-03 04:40:10'),
(128, 'posr-20190404-095555', 1, 11, 2, 1, 2, 2, 0, 55.65, 560, 560, 0, 0, NULL, NULL, NULL, NULL, 1, 4, NULL, 560, NULL, NULL, '2019-04-04 03:55:55', '2019-04-04 03:55:55'),
(129, 'posr-20190404-095937', 1, 11, 2, 1, 1, 2, 0, 0, 240, 240, 0, 0, 0, NULL, NULL, 0, 1, 2, NULL, 120, NULL, NULL, '2019-04-04 03:59:37', '2019-04-11 04:50:16'),
(130, 'posr-20190421-122124', 1, 11, 2, 1, 3, 3, 0, 58.78, 586, 586, 0, 0, NULL, NULL, NULL, NULL, 1, 4, NULL, 586, NULL, NULL, '2019-04-21 06:21:24', '2019-04-21 06:21:24'),
(131, 'posr-20190528-103229', 1, 11, 2, 1, 4, 4, 0, 240, 2890, 2890, 0, 0, NULL, NULL, NULL, NULL, 1, 4, NULL, 2890, NULL, NULL, '2019-05-28 04:32:29', '2019-05-28 04:32:29'),
(132, 'posr-20190613-101637', 1, 11, 2, 1, 3, 3, 0, 40, 840, 840, 0, 0, NULL, NULL, NULL, NULL, 1, 4, NULL, 840, NULL, NULL, '2019-06-13 04:16:37', '2019-06-13 04:16:37'),
(133, 'posr-20190613-101751', 1, 11, 2, 1, 3, 4, 0, 200, 2700, 2700, 0, 0, NULL, NULL, NULL, NULL, 1, 4, NULL, 2700, NULL, NULL, '2019-06-13 04:17:51', '2019-06-13 04:17:51'),
(134, 'posr-20191019-033028', 1, 11, 2, 1, 4, 4, 0, 240, 2940, 2940, 0, 0, NULL, NULL, NULL, NULL, 1, 4, NULL, 2940, NULL, NULL, '2019-10-19 09:30:28', '2019-10-19 09:30:28'),
(138, 'sr-20191031-122937', 1, 1, 1, 1, 1, 1, 0, 0, 120, 120, 0, 0, NULL, NULL, NULL, NULL, 1, 1, NULL, NULL, NULL, NULL, '2019-10-31 06:29:37', '2019-10-31 06:29:37'),
(139, 'posr-20191103-114044', 1, 11, 2, 1, 2, 102, 0, 37.57, 488, 488, 0, 0, NULL, NULL, NULL, NULL, 1, 4, NULL, 488, NULL, NULL, '2019-11-03 05:40:44', '2019-11-03 05:40:44'),
(144, 'posr-20191109-074131', 1, 11, 2, 1, 2, 2, 0, 100, 1220, 1220, 0, 0, 0, NULL, NULL, 0, 1, 4, NULL, 1220, NULL, NULL, '2019-11-09 13:41:31', '2019-11-09 13:41:31'),
(147, 'posr-20191111-104008', 1, 11, 2, 1, 3, 12, 0, 200, 2220, 2220, 0, 0, NULL, NULL, NULL, NULL, 1, 4, NULL, 2220, NULL, NULL, '2019-11-11 04:40:08', '2019-11-11 04:40:08'),
(172, 'posr-20191203-034631', 1, 11, 2, 1, 1, 1, 0, 40, 440, 440, 0, 0, NULL, NULL, NULL, NULL, 1, 2, NULL, NULL, NULL, NULL, '2019-12-03 09:46:31', '2019-12-03 09:46:31'),
(173, 'sr-20191204-111940', 1, 2, 1, 1, 2, 2, 0, 36, 621, 621, 0, 0, NULL, NULL, NULL, NULL, 1, 4, NULL, 621, NULL, NULL, '2019-12-04 17:19:40', '2019-12-05 03:27:12'),
(187, 'posr-20191222-104058', 1, 11, 2, 1, 1, 2, 0, 37.57, 288, 288, 0, 0, NULL, NULL, NULL, NULL, 1, 4, NULL, 288, NULL, NULL, '2019-12-22 04:40:58', '2019-12-22 04:40:58'),
(190, 'posr-20191223-125946', 1, 11, 2, 1, 1, 1, 0, 100, 1100, 1100, 0, 0, NULL, NULL, NULL, NULL, 1, 4, NULL, 1100, NULL, NULL, '2019-12-23 06:59:46', '2019-12-23 06:59:46'),
(193, 'posr-20200101-022028', 1, 11, 2, 1, 1, 1, 0, 100, 1100, 1100, 0, 0, NULL, NULL, NULL, NULL, 1, 4, NULL, 1100, NULL, NULL, '2020-01-01 08:20:28', '2020-01-01 08:20:28'),
(194, 'posr-20200102-043947', 1, 11, 2, 1, 2, 3, 0, 81.57, 892, 892, 0, 0, NULL, NULL, NULL, NULL, 1, 4, NULL, 892, NULL, NULL, '2020-01-02 10:39:47', '2020-01-02 10:39:47'),
(201, 'posr-20200203-035256', 1, 11, 2, 1, 1, 1, 0, 0, 120, 120, 0, 0, NULL, NULL, NULL, NULL, 1, 4, NULL, 120, NULL, NULL, '2020-02-03 09:52:56', '2020-02-03 09:52:56'),
(202, 'posr-20200204-105853', 1, 11, 2, 1, 2, 2, 0, 100, 1400, 1400, 0, 0, NULL, NULL, NULL, NULL, 1, 4, NULL, 1400, NULL, NULL, '2020-02-04 16:58:53', '2020-02-04 16:58:53'),
(203, 'posr-20200302-115414', 1, 11, 2, 1, 2, 2, 0, 0, 350, 350, 0, 0, NULL, NULL, NULL, NULL, 1, 4, NULL, 350, NULL, NULL, '2020-03-02 05:54:14', '2020-03-02 05:54:14'),
(204, 'posr-20200302-115741', 1, 11, 2, 1, 1, 20, 0, 0, 40, 40, 0, 0, NULL, NULL, NULL, NULL, 1, 4, NULL, 40, NULL, NULL, '2020-03-02 05:57:41', '2020-03-02 05:57:41'),
(205, 'posr-20200311-044641', 1, 11, 2, 1, 1, 1, 0, 40, 440, 352, 0, 0, NULL, 1, 88, NULL, 1, 4, NULL, 352, NULL, NULL, '2020-03-11 10:46:42', '2020-03-11 10:46:42'),
(206, 'sr-20200311-045230', 1, 1, 1, 1, 1, 1, 0, 0, 120, 120, 0, 0, 0, NULL, NULL, 0, 1, 2, NULL, NULL, NULL, NULL, '2020-03-11 10:52:30', '2020-03-11 10:54:04'),
(207, 'posr-20200406-074024', 1, 11, 2, 1, 3, 4, 0, 18.78, 644, 644, 0, 0, 0, NULL, NULL, 0, 1, 4, NULL, 644, NULL, NULL, '2020-04-06 13:40:24', '2020-04-06 13:42:01'),
(208, 'posr-20200504-041640', 1, 11, 2, 1, 1, 2, 0, 80, 880, 880, 0, 0, NULL, NULL, NULL, NULL, 1, 4, NULL, 880, NULL, NULL, '2020-05-04 14:16:40', '2020-05-04 14:16:40'),
(209, 'posr-20200505-042648', 1, 11, 1, 1, 3, 19, 0, 262.96, 2086, 2086, 0, 0, NULL, NULL, NULL, NULL, 1, 4, NULL, 2086, NULL, NULL, '2020-05-05 14:26:48', '2020-05-05 14:26:48'),
(211, 'posr-20200506-052923', 1, 11, 1, 1, 1, 23, 0, 2300, 25300, 25300, 0, 0, NULL, NULL, NULL, NULL, 1, 4, NULL, 25300, NULL, NULL, '2020-05-06 15:29:23', '2020-05-06 15:29:23'),
(212, 'posr-20200506-053037', 1, 11, 1, 1, 2, 101, 0, 10100, 111100, 111100, 0, 0, NULL, NULL, NULL, NULL, 1, 4, NULL, 111100, NULL, NULL, '2020-05-06 15:30:37', '2020-05-06 15:30:37'),
(213, 'posr-20200510-023328', 1, 11, 1, 1, 1, 1, 0, 40, 440, 440, 0, 0, NULL, NULL, NULL, NULL, 1, 4, NULL, 440, NULL, NULL, '2020-05-10 00:33:28', '2020-05-10 00:33:28'),
(214, 'posr-20200603-045837', 1, 11, 1, 1, 3, 6, 0, 100, 2420, 2420, 0, 0, NULL, NULL, NULL, NULL, 1, 4, NULL, 2420, NULL, NULL, '2020-06-03 02:58:37', '2020-06-03 02:58:37'),
(215, 'posr-20200603-052020', 1, 11, 1, 1, 2, 2, 0, 0, 302, 332.7, 10, 29.7, 5, NULL, NULL, 6, 1, 4, NULL, 332.7, NULL, NULL, '2020-06-03 03:20:20', '2020-06-03 03:20:20'),
(216, 'sr-20200603-065825', 1, 1, 1, 1, 1, 1, 0, 100, 1100, 1100, 0, 0, NULL, NULL, NULL, NULL, 1, 2, NULL, 500, NULL, NULL, '2020-06-03 04:58:25', '2020-06-03 04:59:40'),
(217, 'posr-20200604-013544', 1, 11, 1, 1, 4, 4, 0, 100, 1502, 1502, 0, 0, NULL, NULL, NULL, NULL, 1, 4, NULL, 1502, NULL, NULL, '2020-06-03 23:35:44', '2020-06-03 23:35:44'),
(222, 'posr-20200608-072211', 1, 11, 1, 1, 4, 8, 0, 100, 1370, 1370, 0, 0, NULL, NULL, NULL, NULL, 1, 4, NULL, 1370, NULL, NULL, '2020-06-08 05:22:11', '2020-06-08 05:22:11'),
(223, 'posr-20200608-042122', 1, 11, 1, 1, 2, 2, 0, 0, 122, 122, 0, 0, NULL, NULL, NULL, NULL, 1, 4, NULL, 122, NULL, NULL, '2020-06-08 02:21:22', '2020-06-08 02:21:22'),
(224, 'posr-20200608-112714', 1, 11, 1, 1, 4, 4, 0, 40, 486, 486, 0, 0, NULL, NULL, NULL, NULL, 1, 4, NULL, 486, NULL, NULL, '2020-06-08 09:27:14', '2020-06-08 09:27:14'),
(225, 'posr-20200629-034259', 1, 11, 1, 1, 3, 27, 0, 0, 3031, 3031, 0, 0, NULL, NULL, NULL, NULL, 1, 4, NULL, 3031, NULL, NULL, '2020-06-29 13:42:59', '2020-06-29 13:42:59'),
(226, 'posr-20200802-112538', 1, 11, 1, 1, 2, 6, 0, 0, 4110, 4110, 0, 0, NULL, NULL, NULL, NULL, 1, 4, NULL, 4110, NULL, NULL, '2020-08-02 21:25:38', '2020-08-02 21:25:38'),
(227, 'posr-20201202-115423', 1, 11, 1, 1, 5, 9, 0, 100, 5480, 5480, 0, 0, NULL, NULL, NULL, NULL, 1, 4, NULL, 5480, NULL, NULL, '2020-12-02 21:54:23', '2020-12-02 21:54:23'),
(228, 'sr-20201202-115526', 1, 1, 1, 2, 1, 5, 0, 200, 2200, 2200, 0, 0, NULL, NULL, NULL, NULL, 1, 1, NULL, NULL, NULL, NULL, '2020-12-02 21:55:26', '2020-12-02 21:55:26'),
(229, 'posr-20201207-122213', 1, 11, 1, 1, 4, 7, 0, 0, 615, 615, 0, 0, NULL, NULL, NULL, NULL, 1, 4, NULL, 615, NULL, NULL, '2020-12-07 10:22:13', '2020-12-07 10:22:13'),
(230, 'posr-20201213-093024', 1, 11, 1, 1, 6, 10, 0, 500, 6925, 6925, 0, 0, NULL, NULL, NULL, NULL, 1, 4, NULL, 6925, NULL, NULL, '2020-12-13 07:30:24', '2020-12-13 07:30:24'),
(231, 'posr-20201213-110057', 1, 11, 1, 1, 2, 5, 0, 0, 258, 258, 0, 0, NULL, NULL, NULL, NULL, 1, 4, NULL, 258, NULL, NULL, '2020-12-13 09:00:57', '2020-12-13 09:00:57'),
(232, 'sr-20201213-010254', 1, 2, 1, 1, 12, 14, 0, 52.9, 1269.9, 1269.9, 0, 0, NULL, NULL, NULL, NULL, 1, 1, NULL, NULL, NULL, NULL, '2020-12-13 11:02:54', '2020-12-13 11:02:54');

-- --------------------------------------------------------

--
-- Table structure for table `stock_counts`
--

CREATE TABLE `stock_counts` (
  `id` int(10) UNSIGNED NOT NULL,
  `reference_no` varchar(191) COLLATE utf8mb4_unicode_ci NOT NULL,
  `warehouse_id` int(11) NOT NULL,
  `category_id` varchar(191) COLLATE utf8mb4_unicode_ci DEFAULT NULL,
  `brand_id` varchar(191) COLLATE utf8mb4_unicode_ci DEFAULT NULL,
  `user_id` int(11) NOT NULL,
  `type` varchar(191) COLLATE utf8mb4_unicode_ci NOT NULL,
  `initial_file` varchar(191) COLLATE utf8mb4_unicode_ci DEFAULT NULL,
  `final_file` varchar(191) COLLATE utf8mb4_unicode_ci DEFAULT NULL,
  `note` text COLLATE utf8mb4_unicode_ci,
  `is_adjusted` tinyint(1) NOT NULL,
  `created_at` timestamp NULL DEFAULT NULL,
  `updated_at` timestamp NULL DEFAULT NULL
) ENGINE=InnoDB DEFAULT CHARSET=utf8mb4 COLLATE=utf8mb4_unicode_ci;

--
-- Dumping data for table `stock_counts`
--

INSERT INTO `stock_counts` (`id`, `reference_no`, `warehouse_id`, `category_id`, `brand_id`, `user_id`, `type`, `initial_file`, `final_file`, `note`, `is_adjusted`, `created_at`, `updated_at`) VALUES
(1, 'scr-20190228-124939', 2, NULL, NULL, 1, 'full', '20190228-124939.csv', NULL, NULL, 0, '2019-02-28 06:49:39', '2019-02-28 06:49:39'),
(2, 'scr-20200603-051236', 1, NULL, NULL, 1, 'full', '20200603-051236.csv', NULL, NULL, 0, '2020-06-03 03:12:36', '2020-06-03 03:12:36'),
(3, 'scr-20200810-080718', 1, NULL, NULL, 1, 'full', '20200810-080718.csv', NULL, NULL, 0, '2020-08-10 18:07:18', '2020-08-10 18:07:18'),
(4, 'scr-20201207-121606', 1, NULL, NULL, 1, 'full', '20201207-121606.csv', NULL, NULL, 0, '2020-12-07 10:16:06', '2020-12-07 10:16:06'),
(5, 'scr-20201213-111000', 1, NULL, NULL, 1, 'full', '20201213-111000.csv', NULL, NULL, 0, '2020-12-13 09:10:00', '2020-12-13 09:10:00');

-- --------------------------------------------------------

--
-- Table structure for table `suppliers`
--

CREATE TABLE `suppliers` (
  `id` int(10) UNSIGNED NOT NULL,
  `name` varchar(191) COLLATE utf8mb4_unicode_ci NOT NULL,
  `image` varchar(191) COLLATE utf8mb4_unicode_ci DEFAULT NULL,
  `company_name` varchar(191) COLLATE utf8mb4_unicode_ci NOT NULL,
  `vat_number` varchar(191) COLLATE utf8mb4_unicode_ci DEFAULT NULL,
  `email` varchar(191) COLLATE utf8mb4_unicode_ci NOT NULL,
  `phone_number` varchar(191) COLLATE utf8mb4_unicode_ci NOT NULL,
  `address` varchar(191) COLLATE utf8mb4_unicode_ci NOT NULL,
  `city` varchar(191) COLLATE utf8mb4_unicode_ci NOT NULL,
  `state` varchar(191) COLLATE utf8mb4_unicode_ci DEFAULT NULL,
  `postal_code` varchar(191) COLLATE utf8mb4_unicode_ci DEFAULT NULL,
  `country` varchar(191) COLLATE utf8mb4_unicode_ci DEFAULT NULL,
  `is_active` tinyint(1) DEFAULT NULL,
  `created_at` timestamp NULL DEFAULT NULL,
  `updated_at` timestamp NULL DEFAULT NULL
) ENGINE=InnoDB DEFAULT CHARSET=utf8mb4 COLLATE=utf8mb4_unicode_ci;

--
-- Dumping data for table `suppliers`
--

INSERT INTO `suppliers` (`id`, `name`, `image`, `company_name`, `vat_number`, `email`, `phone_number`, `address`, `city`, `state`, `postal_code`, `country`, `is_active`, `created_at`, `updated_at`) VALUES
(1, 'abdullah', 'globaltouch.jpg', 'global touch', NULL, 'abdullah@globaltouch.com', '231231', 'fsdfs', 'fsdfs', NULL, NULL, 'bd', 1, '2018-05-12 22:06:34', '2019-12-21 10:58:47'),
(2, 'test', 'lion.jpg', 'lion', NULL, 'lion@gmail.com', '242', 'gfdg', 'fgd', NULL, NULL, NULL, 0, '2018-05-29 23:59:41', '2018-05-30 00:00:06'),
(3, 'ismail', NULL, 'techbd', NULL, 'ismail@test.com', '23123123', 'mohammadpur', 'dhaka', NULL, NULL, 'bangladesh', 1, '2018-07-20 04:34:17', '2018-07-20 04:34:17'),
(4, 'modon', 'mogaFruit.jpg', 'mogaFruit', NULL, 'modon@gmail.com', '32321', 'nasirabad', 'chittagong', NULL, NULL, 'bd', 0, '2018-09-01 04:30:07', '2018-09-01 04:37:20');

-- --------------------------------------------------------

--
-- Table structure for table `taxes`
--

CREATE TABLE `taxes` (
  `id` int(10) UNSIGNED NOT NULL,
  `name` varchar(191) COLLATE utf8mb4_unicode_ci NOT NULL,
  `rate` double NOT NULL,
  `is_active` tinyint(1) DEFAULT NULL,
  `created_at` timestamp NULL DEFAULT NULL,
  `updated_at` timestamp NULL DEFAULT NULL
) ENGINE=InnoDB DEFAULT CHARSET=utf8mb4 COLLATE=utf8mb4_unicode_ci;

--
-- Dumping data for table `taxes`
--

INSERT INTO `taxes` (`id`, `name`, `rate`, `is_active`, `created_at`, `updated_at`) VALUES
(1, 'vat@10', 10, 1, '2018-05-12 09:58:30', '2019-03-02 11:46:10'),
(2, 'vat@15', 15, 1, '2018-05-12 09:58:43', '2018-05-27 23:35:05'),
(3, 'test', 6, 0, '2018-05-27 23:32:54', '2018-05-27 23:34:44'),
(4, 'vat 20', 20, 1, '2018-09-01 00:58:57', '2018-09-01 00:58:57');

-- --------------------------------------------------------

--
-- Table structure for table `transfers`
--

CREATE TABLE `transfers` (
  `id` int(10) UNSIGNED NOT NULL,
  `reference_no` varchar(191) COLLATE utf8mb4_unicode_ci NOT NULL,
  `user_id` int(11) NOT NULL,
  `status` int(11) NOT NULL,
  `from_warehouse_id` int(11) NOT NULL,
  `to_warehouse_id` int(11) NOT NULL,
  `item` int(11) NOT NULL,
  `total_qty` double NOT NULL,
  `total_tax` double NOT NULL,
  `total_cost` double NOT NULL,
  `shipping_cost` double DEFAULT NULL,
  `grand_total` double NOT NULL,
  `document` varchar(191) COLLATE utf8mb4_unicode_ci DEFAULT NULL,
  `note` text COLLATE utf8mb4_unicode_ci,
  `created_at` timestamp NULL DEFAULT NULL,
  `updated_at` timestamp NULL DEFAULT NULL
) ENGINE=InnoDB DEFAULT CHARSET=utf8mb4 COLLATE=utf8mb4_unicode_ci;

--
-- Dumping data for table `transfers`
--

INSERT INTO `transfers` (`id`, `reference_no`, `user_id`, `status`, `from_warehouse_id`, `to_warehouse_id`, `item`, `total_qty`, `total_tax`, `total_cost`, `shipping_cost`, `grand_total`, `document`, `note`, `created_at`, `updated_at`) VALUES
(1, 'tr-20180808-051710', 1, 1, 2, 1, 1, 100, 0, 100, 0, 100, NULL, NULL, '2018-08-08 11:17:10', '2018-12-24 22:16:55'),
(8, 'tr-20200122-123058', 1, 1, 1, 2, 1, 10, 0, 1000, NULL, 1000, NULL, NULL, '2020-01-22 06:30:58', '2020-01-22 06:30:58');

-- --------------------------------------------------------

--
-- Table structure for table `units`
--

CREATE TABLE `units` (
  `id` int(10) UNSIGNED NOT NULL,
  `unit_code` varchar(191) COLLATE utf8mb4_unicode_ci NOT NULL,
  `unit_name` varchar(191) COLLATE utf8mb4_unicode_ci NOT NULL,
  `base_unit` int(11) DEFAULT NULL,
  `operator` varchar(191) COLLATE utf8mb4_unicode_ci DEFAULT NULL,
  `operation_value` double DEFAULT NULL,
  `is_active` tinyint(1) DEFAULT NULL,
  `created_at` timestamp NULL DEFAULT NULL,
  `updated_at` timestamp NULL DEFAULT NULL
) ENGINE=InnoDB DEFAULT CHARSET=utf8mb4 COLLATE=utf8mb4_unicode_ci;

--
-- Dumping data for table `units`
--

INSERT INTO `units` (`id`, `unit_code`, `unit_name`, `base_unit`, `operator`, `operation_value`, `is_active`, `created_at`, `updated_at`) VALUES
(1, 'pc', 'Piece', NULL, '*', 1, 1, '2018-05-12 02:27:46', '2018-08-17 21:41:53'),
(2, 'dozen', 'dozen box', 1, '*', 12, 1, '2018-05-12 09:57:05', '2018-05-12 09:57:05'),
(3, 'cartoon', 'cartoon box', 1, '*', 24, 1, '2018-05-12 09:57:45', '2020-03-11 10:36:59'),
(4, 'm', 'meter', NULL, '*', 1, 1, '2018-05-12 09:58:07', '2018-05-27 23:20:57'),
(6, 'test', 'test', NULL, '*', 1, 0, '2018-05-27 23:20:20', '2018-05-27 23:20:25'),
(7, 'kg', 'kilogram', NULL, '*', 1, 1, '2018-06-25 00:49:26', '2018-06-25 00:49:26'),
(8, '20', 'ni33', 8, '*', 1, 0, '2018-07-31 22:35:51', '2018-07-31 22:40:54'),
(9, 'gm', 'gram', 7, '/', 1000, 1, '2018-09-01 00:06:28', '2018-09-01 00:06:28'),
(10, 'gz', 'goz', NULL, '*', 1, 0, '2018-11-29 03:40:29', '2019-03-02 11:53:29');

-- --------------------------------------------------------

--
-- Table structure for table `users`
--

CREATE TABLE `users` (
  `id` int(10) UNSIGNED NOT NULL,
  `name` varchar(191) COLLATE utf8mb4_unicode_ci NOT NULL,
  `email` varchar(191) COLLATE utf8mb4_unicode_ci NOT NULL,
  `password` varchar(191) COLLATE utf8mb4_unicode_ci NOT NULL,
  `remember_token` varchar(100) COLLATE utf8mb4_unicode_ci DEFAULT NULL,
  `phone` varchar(191) COLLATE utf8mb4_unicode_ci NOT NULL,
  `company_name` varchar(191) COLLATE utf8mb4_unicode_ci DEFAULT NULL,
  `role_id` int(11) NOT NULL,
  `biller_id` int(11) DEFAULT NULL,
  `warehouse_id` int(11) DEFAULT NULL,
  `is_active` tinyint(1) NOT NULL,
  `is_deleted` tinyint(1) NOT NULL,
  `created_at` timestamp NULL DEFAULT NULL,
  `updated_at` timestamp NULL DEFAULT NULL
) ENGINE=InnoDB DEFAULT CHARSET=utf8mb4 COLLATE=utf8mb4_unicode_ci;

--
-- Dumping data for table `users`
--

INSERT INTO `users` (`id`, `name`, `email`, `password`, `remember_token`, `phone`, `company_name`, `role_id`, `biller_id`, `warehouse_id`, `is_active`, `is_deleted`, `created_at`, `updated_at`) VALUES
(1, 'admin', 'admin@gmail.com', '$2y$10$DWAHTfjcvwCpOCXaJg11MOhsqns03uvlwiSUOQwkHL2YYrtrXPcL6', 'GcRAQtT5xhhzddxuBNPb6xkNzNBb3LGc642hxx2o6u8PcdtnhbfRORkl83YE', '12112', 'lioncoders', 1, NULL, NULL, 1, 0, '2018-06-02 03:24:15', '2018-09-05 00:14:15'),
(3, 'dhiman da', 'dhiman@gmail.com', '$2y$10$Fef6vu5E67nm11hX7V5a2u1ThNCQ6n9DRCvRF9TD7stk.Pmt2R6O.', '5ehQM6JIfiQfROgTbB5let0Z93vjLHS7rd9QD5RPNgOxli3xdo7fykU7vtTt', '212', 'lioncoders', 1, NULL, NULL, 1, 0, '2018-06-13 22:00:31', '2018-12-25 03:47:07'),
(6, 'test', 'test@gmail.com', '$2y$10$TDAeHcVqHyCmurki0wjLZeIl1SngKX3WLOhyTiCoZG3souQfqv.LS', 'KpW1gYYlOFacumklO2IcRfSsbC3KcWUZzOI37gqoqM388Xie6KdhaOHIFEYm', '1234', '212312', 4, NULL, NULL, 0, 1, '2018-06-23 03:05:33', '2018-06-23 03:13:45'),
(8, 'test', 'test@yahoo.com', '$2y$10$hlMigidZV0j2/IPkgE/xsOSb8WM2IRlsMv.1hg1NM7kfyd6bGX3hC', NULL, '31231', NULL, 4, NULL, NULL, 0, 1, '2018-06-24 22:35:49', '2018-07-02 01:07:39'),
(9, 'staff', 'anda@gmail.com', '$2y$10$kxDbnynB6mB1e1w3pmtbSOlSxy/WwbLPY5TJpMi0Opao5ezfuQjQm', 'dNAe8iSjJbGZNeEypYH80C4kX2wKowej6QADpbzL6PBoKDFQMMzmwgFUOsYl', '3123', NULL, 4, 5, 1, 1, 0, '2018-07-02 01:08:08', '2018-10-23 21:41:13'),
(10, 'abul', 'abul@alpha.com', '$2y$10$5zgB2OOMyNBNVAd.QOQIju5a9fhNnTqPx5H6s4oFlXhNiF6kXEsPq', 'x7HlttI5bM0vSKViqATaowHFJkLS3PHwfvl7iJdFl5Z1SsyUgWCVbLSgAoi0', '1234', 'anda', 1, NULL, NULL, 0, 0, '2018-09-07 23:44:48', '2018-09-07 23:44:48'),
(11, 'teststaff', 'a@a.com', '$2y$10$5KNBIIhZzvvZEQEhkHaZGu.Q8bbQNfqYvYgL5N55B8Pb4P5P/b/Li', 'DkHDEcCA0QLfsKPkUK0ckL0CPM6dPiJytNa0k952gyTbeAyMthW3vi7IRitp', '111', 'aa', 4, 5, 1, 0, 1, '2018-10-22 02:47:56', '2018-10-23 02:10:56'),
(12, 'john', 'john@gmail.com', '$2y$10$P/pN2J/uyTYNzQy2kRqWwuSv7P2f6GE/ykBwtHdda7yci3XsfOKWe', 'O0f1WJBVjT5eKYl3Js5l1ixMMtoU6kqrH7hbHDx9I1UCcD9CmiSmCBzHbQZg', '10001', NULL, 4, 2, 2, 0, 1, '2018-12-30 00:48:37', '2019-03-06 04:59:49'),
(13, 'jjj', 'test@test.com', '$2y$10$/Qx3gHWYWUhlF1aPfzXaCeZA7fRzfSEyCIOnk/dcC4ejO8PsoaalG', NULL, '1213', NULL, 1, NULL, NULL, 0, 1, '2019-01-03 00:08:31', '2019-03-03 04:02:29'),
(14, 'osama', 'o@oo.o', '$2y$10$7TyNiinr47b1h3lzWs3oL.a8zOZ0ki3YaE7PQBC8C.Q0vhrw26Z8.', '0LQmM9fsm8GJkUOj5OX4RU1PPsVLsmEjtzdjX8qPmEK685rUzaVDnWuWnh1S', '0912222222', '1111', 1, 1, 1, 0, 0, '2020-06-05 06:29:16', '2020-06-05 06:29:16');

-- --------------------------------------------------------

--
-- Table structure for table `variants`
--

CREATE TABLE `variants` (
  `id` int(10) UNSIGNED NOT NULL,
  `name` varchar(191) COLLATE utf8mb4_unicode_ci NOT NULL,
  `created_at` timestamp NULL DEFAULT NULL,
  `updated_at` timestamp NULL DEFAULT NULL
) ENGINE=InnoDB DEFAULT CHARSET=utf8mb4 COLLATE=utf8mb4_unicode_ci;

--
-- Dumping data for table `variants`
--

INSERT INTO `variants` (`id`, `name`, `created_at`, `updated_at`) VALUES
(2, 'Medium', '2019-11-21 07:03:04', '2019-11-24 08:43:52'),
(3, 'Small', '2019-11-21 07:03:04', '2019-11-24 08:43:52'),
(5, 'Large', '2019-11-24 06:07:20', '2019-11-24 08:44:56');

-- --------------------------------------------------------

--
-- Table structure for table `warehouses`
--

CREATE TABLE `warehouses` (
  `id` int(10) UNSIGNED NOT NULL,
  `name` varchar(191) COLLATE utf8mb4_unicode_ci NOT NULL,
  `phone` varchar(191) COLLATE utf8mb4_unicode_ci DEFAULT NULL,
  `email` varchar(191) COLLATE utf8mb4_unicode_ci DEFAULT NULL,
  `address` text COLLATE utf8mb4_unicode_ci NOT NULL,
  `is_active` tinyint(1) DEFAULT NULL,
  `created_at` timestamp NULL DEFAULT NULL,
  `updated_at` timestamp NULL DEFAULT NULL
) ENGINE=InnoDB DEFAULT CHARSET=utf8mb4 COLLATE=utf8mb4_unicode_ci;

--
-- Dumping data for table `warehouses`
--

INSERT INTO `warehouses` (`id`, `name`, `phone`, `email`, `address`, `is_active`, `created_at`, `updated_at`) VALUES
(1, 'warehouse 1', '0918800431', 'war1@lion.com', 'khatungonj, chittagong', 1, '2018-05-12 07:51:44', '2020-06-08 02:30:21'),
(2, 'warehouse 2', '1234', NULL, 'boropul, chittagong', 0, '2018-05-12 08:09:03', '2020-05-04 14:24:07'),
(3, 'test', NULL, NULL, 'dqwdeqw', 0, '2018-05-30 00:14:23', '2018-05-30 00:14:47'),
(6, 'gudam', '2121', '', 'gazipur', 0, '2018-08-31 22:53:26', '2018-08-31 22:54:48');

--
-- Indexes for dumped tables
--

--
-- Indexes for table `accounts`
--
ALTER TABLE `accounts`
  ADD PRIMARY KEY (`id`);

--
-- Indexes for table `adjustments`
--
ALTER TABLE `adjustments`
  ADD PRIMARY KEY (`id`);

--
-- Indexes for table `attendances`
--
ALTER TABLE `attendances`
  ADD PRIMARY KEY (`id`);

--
-- Indexes for table `billers`
--
ALTER TABLE `billers`
  ADD PRIMARY KEY (`id`);

--
-- Indexes for table `brands`
--
ALTER TABLE `brands`
  ADD PRIMARY KEY (`id`);

--
-- Indexes for table `categories`
--
ALTER TABLE `categories`
  ADD PRIMARY KEY (`id`);

--
-- Indexes for table `coupons`
--
ALTER TABLE `coupons`
  ADD PRIMARY KEY (`id`);

--
-- Indexes for table `customers`
--
ALTER TABLE `customers`
  ADD PRIMARY KEY (`id`);

--
-- Indexes for table `customer_groups`
--
ALTER TABLE `customer_groups`
  ADD PRIMARY KEY (`id`);

--
-- Indexes for table `deliveries`
--
ALTER TABLE `deliveries`
  ADD PRIMARY KEY (`id`);

--
-- Indexes for table `departments`
--
ALTER TABLE `departments`
  ADD PRIMARY KEY (`id`);

--
-- Indexes for table `deposits`
--
ALTER TABLE `deposits`
  ADD PRIMARY KEY (`id`);

--
-- Indexes for table `employees`
--
ALTER TABLE `employees`
  ADD PRIMARY KEY (`id`);

--
-- Indexes for table `expenses`
--
ALTER TABLE `expenses`
  ADD PRIMARY KEY (`id`);

--
-- Indexes for table `expense_categories`
--
ALTER TABLE `expense_categories`
  ADD PRIMARY KEY (`id`);

--
-- Indexes for table `general_settings`
--
ALTER TABLE `general_settings`
  ADD PRIMARY KEY (`id`);

--
-- Indexes for table `gift_cards`
--
ALTER TABLE `gift_cards`
  ADD PRIMARY KEY (`id`);

--
-- Indexes for table `gift_card_recharges`
--
ALTER TABLE `gift_card_recharges`
  ADD PRIMARY KEY (`id`);

--
-- Indexes for table `holidays`
--
ALTER TABLE `holidays`
  ADD PRIMARY KEY (`id`);

--
-- Indexes for table `hrm_settings`
--
ALTER TABLE `hrm_settings`
  ADD PRIMARY KEY (`id`);

--
-- Indexes for table `languages`
--
ALTER TABLE `languages`
  ADD PRIMARY KEY (`id`);

--
-- Indexes for table `migrations`
--
ALTER TABLE `migrations`
  ADD PRIMARY KEY (`id`);

--
-- Indexes for table `money_transfers`
--
ALTER TABLE `money_transfers`
  ADD PRIMARY KEY (`id`);

--
-- Indexes for table `password_resets`
--
ALTER TABLE `password_resets`
  ADD KEY `password_resets_email_index` (`email`);

--
-- Indexes for table `payments`
--
ALTER TABLE `payments`
  ADD PRIMARY KEY (`id`);

--
-- Indexes for table `payment_with_cheque`
--
ALTER TABLE `payment_with_cheque`
  ADD PRIMARY KEY (`id`);

--
-- Indexes for table `payment_with_credit_card`
--
ALTER TABLE `payment_with_credit_card`
  ADD PRIMARY KEY (`id`);

--
-- Indexes for table `payment_with_gift_card`
--
ALTER TABLE `payment_with_gift_card`
  ADD PRIMARY KEY (`id`);

--
-- Indexes for table `payment_with_paypal`
--
ALTER TABLE `payment_with_paypal`
  ADD PRIMARY KEY (`id`);

--
-- Indexes for table `payrolls`
--
ALTER TABLE `payrolls`
  ADD PRIMARY KEY (`id`);

--
-- Indexes for table `permissions`
--
ALTER TABLE `permissions`
  ADD PRIMARY KEY (`id`);

--
-- Indexes for table `pos_setting`
--
ALTER TABLE `pos_setting`
  ADD UNIQUE KEY `pos_setting_id_unique` (`id`);

--
-- Indexes for table `products`
--
ALTER TABLE `products`
  ADD PRIMARY KEY (`id`);

--
-- Indexes for table `products_quantity`
--
ALTER TABLE `products_quantity`
  ADD PRIMARY KEY (`id`);

--
-- Indexes for table `product_adjustments`
--
ALTER TABLE `product_adjustments`
  ADD PRIMARY KEY (`id`);

--
-- Indexes for table `product_purchases`
--
ALTER TABLE `product_purchases`
  ADD PRIMARY KEY (`id`);

--
-- Indexes for table `product_quotation`
--
ALTER TABLE `product_quotation`
  ADD PRIMARY KEY (`id`);

--
-- Indexes for table `product_returns`
--
ALTER TABLE `product_returns`
  ADD PRIMARY KEY (`id`);

--
-- Indexes for table `product_sales`
--
ALTER TABLE `product_sales`
  ADD PRIMARY KEY (`id`);

--
-- Indexes for table `product_transfer`
--
ALTER TABLE `product_transfer`
  ADD PRIMARY KEY (`id`);

--
-- Indexes for table `product_variants`
--
ALTER TABLE `product_variants`
  ADD PRIMARY KEY (`id`);

--
-- Indexes for table `product_warehouse`
--
ALTER TABLE `product_warehouse`
  ADD PRIMARY KEY (`id`);

--
-- Indexes for table `purchases`
--
ALTER TABLE `purchases`
  ADD PRIMARY KEY (`id`);

--
-- Indexes for table `purchase_product_return`
--
ALTER TABLE `purchase_product_return`
  ADD PRIMARY KEY (`id`);

--
-- Indexes for table `quotations`
--
ALTER TABLE `quotations`
  ADD PRIMARY KEY (`id`);

--
-- Indexes for table `returns`
--
ALTER TABLE `returns`
  ADD PRIMARY KEY (`id`);

--
-- Indexes for table `return_purchases`
--
ALTER TABLE `return_purchases`
  ADD PRIMARY KEY (`id`);

--
-- Indexes for table `roles`
--
ALTER TABLE `roles`
  ADD PRIMARY KEY (`id`);

--
-- Indexes for table `role_has_permissions`
--
ALTER TABLE `role_has_permissions`
  ADD PRIMARY KEY (`permission_id`,`role_id`),
  ADD KEY `role_has_permissions_role_id_foreign` (`role_id`);

--
-- Indexes for table `sales`
--
ALTER TABLE `sales`
  ADD PRIMARY KEY (`id`);

--
-- Indexes for table `stock_counts`
--
ALTER TABLE `stock_counts`
  ADD PRIMARY KEY (`id`);

--
-- Indexes for table `suppliers`
--
ALTER TABLE `suppliers`
  ADD PRIMARY KEY (`id`);

--
-- Indexes for table `taxes`
--
ALTER TABLE `taxes`
  ADD PRIMARY KEY (`id`);

--
-- Indexes for table `transfers`
--
ALTER TABLE `transfers`
  ADD PRIMARY KEY (`id`);

--
-- Indexes for table `units`
--
ALTER TABLE `units`
  ADD PRIMARY KEY (`id`);

--
-- Indexes for table `users`
--
ALTER TABLE `users`
  ADD PRIMARY KEY (`id`);

--
-- Indexes for table `variants`
--
ALTER TABLE `variants`
  ADD PRIMARY KEY (`id`);

--
-- Indexes for table `warehouses`
--
ALTER TABLE `warehouses`
  ADD PRIMARY KEY (`id`);

--
-- AUTO_INCREMENT for dumped tables
--

--
-- AUTO_INCREMENT for table `accounts`
--
ALTER TABLE `accounts`
  MODIFY `id` int(10) UNSIGNED NOT NULL AUTO_INCREMENT, AUTO_INCREMENT=4;

--
-- AUTO_INCREMENT for table `adjustments`
--
ALTER TABLE `adjustments`
  MODIFY `id` int(10) UNSIGNED NOT NULL AUTO_INCREMENT, AUTO_INCREMENT=5;

--
-- AUTO_INCREMENT for table `attendances`
--
ALTER TABLE `attendances`
  MODIFY `id` int(10) UNSIGNED NOT NULL AUTO_INCREMENT, AUTO_INCREMENT=7;

--
-- AUTO_INCREMENT for table `billers`
--
ALTER TABLE `billers`
  MODIFY `id` int(10) UNSIGNED NOT NULL AUTO_INCREMENT, AUTO_INCREMENT=9;

--
-- AUTO_INCREMENT for table `brands`
--
ALTER TABLE `brands`
  MODIFY `id` int(10) UNSIGNED NOT NULL AUTO_INCREMENT, AUTO_INCREMENT=6;

--
-- AUTO_INCREMENT for table `categories`
--
ALTER TABLE `categories`
  MODIFY `id` int(10) UNSIGNED NOT NULL AUTO_INCREMENT, AUTO_INCREMENT=18;

--
-- AUTO_INCREMENT for table `coupons`
--
ALTER TABLE `coupons`
  MODIFY `id` int(10) UNSIGNED NOT NULL AUTO_INCREMENT, AUTO_INCREMENT=4;

--
-- AUTO_INCREMENT for table `customers`
--
ALTER TABLE `customers`
  MODIFY `id` int(10) UNSIGNED NOT NULL AUTO_INCREMENT, AUTO_INCREMENT=17;

--
-- AUTO_INCREMENT for table `customer_groups`
--
ALTER TABLE `customer_groups`
  MODIFY `id` int(10) UNSIGNED NOT NULL AUTO_INCREMENT, AUTO_INCREMENT=6;

--
-- AUTO_INCREMENT for table `deliveries`
--
ALTER TABLE `deliveries`
  MODIFY `id` int(10) UNSIGNED NOT NULL AUTO_INCREMENT, AUTO_INCREMENT=4;

--
-- AUTO_INCREMENT for table `departments`
--
ALTER TABLE `departments`
  MODIFY `id` int(10) UNSIGNED NOT NULL AUTO_INCREMENT, AUTO_INCREMENT=3;

--
-- AUTO_INCREMENT for table `deposits`
--
ALTER TABLE `deposits`
  MODIFY `id` int(10) UNSIGNED NOT NULL AUTO_INCREMENT, AUTO_INCREMENT=6;

--
-- AUTO_INCREMENT for table `employees`
--
ALTER TABLE `employees`
  MODIFY `id` int(10) UNSIGNED NOT NULL AUTO_INCREMENT, AUTO_INCREMENT=4;

--
-- AUTO_INCREMENT for table `expenses`
--
ALTER TABLE `expenses`
  MODIFY `id` int(10) UNSIGNED NOT NULL AUTO_INCREMENT, AUTO_INCREMENT=29;

--
-- AUTO_INCREMENT for table `expense_categories`
--
ALTER TABLE `expense_categories`
  MODIFY `id` int(10) UNSIGNED NOT NULL AUTO_INCREMENT, AUTO_INCREMENT=5;

--
-- AUTO_INCREMENT for table `general_settings`
--
ALTER TABLE `general_settings`
  MODIFY `id` int(10) UNSIGNED NOT NULL AUTO_INCREMENT, AUTO_INCREMENT=2;

--
-- AUTO_INCREMENT for table `gift_cards`
--
ALTER TABLE `gift_cards`
  MODIFY `id` int(10) UNSIGNED NOT NULL AUTO_INCREMENT, AUTO_INCREMENT=8;

--
-- AUTO_INCREMENT for table `gift_card_recharges`
--
ALTER TABLE `gift_card_recharges`
  MODIFY `id` int(10) UNSIGNED NOT NULL AUTO_INCREMENT, AUTO_INCREMENT=12;

--
-- AUTO_INCREMENT for table `holidays`
--
ALTER TABLE `holidays`
  MODIFY `id` int(10) UNSIGNED NOT NULL AUTO_INCREMENT, AUTO_INCREMENT=2;

--
-- AUTO_INCREMENT for table `hrm_settings`
--
ALTER TABLE `hrm_settings`
  MODIFY `id` int(10) UNSIGNED NOT NULL AUTO_INCREMENT, AUTO_INCREMENT=2;

--
-- AUTO_INCREMENT for table `languages`
--
ALTER TABLE `languages`
  MODIFY `id` int(10) UNSIGNED NOT NULL AUTO_INCREMENT, AUTO_INCREMENT=2;

--
-- AUTO_INCREMENT for table `migrations`
--
ALTER TABLE `migrations`
  MODIFY `id` int(10) UNSIGNED NOT NULL AUTO_INCREMENT, AUTO_INCREMENT=103;

--
-- AUTO_INCREMENT for table `money_transfers`
--
ALTER TABLE `money_transfers`
  MODIFY `id` int(10) UNSIGNED NOT NULL AUTO_INCREMENT, AUTO_INCREMENT=3;

--
-- AUTO_INCREMENT for table `payments`
--
ALTER TABLE `payments`
  MODIFY `id` int(10) UNSIGNED NOT NULL AUTO_INCREMENT, AUTO_INCREMENT=292;

--
-- AUTO_INCREMENT for table `payment_with_cheque`
--
ALTER TABLE `payment_with_cheque`
  MODIFY `id` int(10) UNSIGNED NOT NULL AUTO_INCREMENT, AUTO_INCREMENT=15;

--
-- AUTO_INCREMENT for table `payment_with_credit_card`
--
ALTER TABLE `payment_with_credit_card`
  MODIFY `id` int(10) UNSIGNED NOT NULL AUTO_INCREMENT;

--
-- AUTO_INCREMENT for table `payment_with_gift_card`
--
ALTER TABLE `payment_with_gift_card`
  MODIFY `id` int(10) UNSIGNED NOT NULL AUTO_INCREMENT, AUTO_INCREMENT=7;

--
-- AUTO_INCREMENT for table `payment_with_paypal`
--
ALTER TABLE `payment_with_paypal`
  MODIFY `id` int(10) UNSIGNED NOT NULL AUTO_INCREMENT;

--
-- AUTO_INCREMENT for table `payrolls`
--
ALTER TABLE `payrolls`
  MODIFY `id` int(10) UNSIGNED NOT NULL AUTO_INCREMENT, AUTO_INCREMENT=10;

--
-- AUTO_INCREMENT for table `permissions`
--
ALTER TABLE `permissions`
  MODIFY `id` int(10) UNSIGNED NOT NULL AUTO_INCREMENT, AUTO_INCREMENT=98;

--
-- AUTO_INCREMENT for table `products`
--
ALTER TABLE `products`
  MODIFY `id` int(10) UNSIGNED NOT NULL AUTO_INCREMENT, AUTO_INCREMENT=53;

--
-- AUTO_INCREMENT for table `products_quantity`
--
ALTER TABLE `products_quantity`
  MODIFY `id` int(255) NOT NULL AUTO_INCREMENT;

--
-- AUTO_INCREMENT for table `product_adjustments`
--
ALTER TABLE `product_adjustments`
  MODIFY `id` int(10) UNSIGNED NOT NULL AUTO_INCREMENT, AUTO_INCREMENT=5;

--
-- AUTO_INCREMENT for table `product_purchases`
--
ALTER TABLE `product_purchases`
  MODIFY `id` int(10) UNSIGNED NOT NULL AUTO_INCREMENT, AUTO_INCREMENT=225;

--
-- AUTO_INCREMENT for table `product_quotation`
--
ALTER TABLE `product_quotation`
  MODIFY `id` int(10) UNSIGNED NOT NULL AUTO_INCREMENT, AUTO_INCREMENT=20;

--
-- AUTO_INCREMENT for table `product_returns`
--
ALTER TABLE `product_returns`
  MODIFY `id` int(10) UNSIGNED NOT NULL AUTO_INCREMENT, AUTO_INCREMENT=29;

--
-- AUTO_INCREMENT for table `product_sales`
--
ALTER TABLE `product_sales`
  MODIFY `id` int(10) UNSIGNED NOT NULL AUTO_INCREMENT, AUTO_INCREMENT=411;

--
-- AUTO_INCREMENT for table `product_transfer`
--
ALTER TABLE `product_transfer`
  MODIFY `id` int(10) UNSIGNED NOT NULL AUTO_INCREMENT, AUTO_INCREMENT=12;

--
-- AUTO_INCREMENT for table `product_variants`
--
ALTER TABLE `product_variants`
  MODIFY `id` int(10) UNSIGNED NOT NULL AUTO_INCREMENT, AUTO_INCREMENT=7;

--
-- AUTO_INCREMENT for table `product_warehouse`
--
ALTER TABLE `product_warehouse`
  MODIFY `id` int(10) UNSIGNED NOT NULL AUTO_INCREMENT, AUTO_INCREMENT=43;

--
-- AUTO_INCREMENT for table `purchases`
--
ALTER TABLE `purchases`
  MODIFY `id` int(10) UNSIGNED NOT NULL AUTO_INCREMENT, AUTO_INCREMENT=85;

--
-- AUTO_INCREMENT for table `purchase_product_return`
--
ALTER TABLE `purchase_product_return`
  MODIFY `id` int(10) UNSIGNED NOT NULL AUTO_INCREMENT, AUTO_INCREMENT=2;

--
-- AUTO_INCREMENT for table `quotations`
--
ALTER TABLE `quotations`
  MODIFY `id` int(10) UNSIGNED NOT NULL AUTO_INCREMENT, AUTO_INCREMENT=4;

--
-- AUTO_INCREMENT for table `returns`
--
ALTER TABLE `returns`
  MODIFY `id` int(10) UNSIGNED NOT NULL AUTO_INCREMENT, AUTO_INCREMENT=16;

--
-- AUTO_INCREMENT for table `return_purchases`
--
ALTER TABLE `return_purchases`
  MODIFY `id` int(10) UNSIGNED NOT NULL AUTO_INCREMENT, AUTO_INCREMENT=2;

--
-- AUTO_INCREMENT for table `roles`
--
ALTER TABLE `roles`
  MODIFY `id` int(10) UNSIGNED NOT NULL AUTO_INCREMENT, AUTO_INCREMENT=6;

--
-- AUTO_INCREMENT for table `sales`
--
ALTER TABLE `sales`
  MODIFY `id` int(10) UNSIGNED NOT NULL AUTO_INCREMENT, AUTO_INCREMENT=233;

--
-- AUTO_INCREMENT for table `stock_counts`
--
ALTER TABLE `stock_counts`
  MODIFY `id` int(10) UNSIGNED NOT NULL AUTO_INCREMENT, AUTO_INCREMENT=6;

--
-- AUTO_INCREMENT for table `suppliers`
--
ALTER TABLE `suppliers`
  MODIFY `id` int(10) UNSIGNED NOT NULL AUTO_INCREMENT, AUTO_INCREMENT=5;

--
-- AUTO_INCREMENT for table `taxes`
--
ALTER TABLE `taxes`
  MODIFY `id` int(10) UNSIGNED NOT NULL AUTO_INCREMENT, AUTO_INCREMENT=5;

--
-- AUTO_INCREMENT for table `transfers`
--
ALTER TABLE `transfers`
  MODIFY `id` int(10) UNSIGNED NOT NULL AUTO_INCREMENT, AUTO_INCREMENT=9;

--
-- AUTO_INCREMENT for table `units`
--
ALTER TABLE `units`
  MODIFY `id` int(10) UNSIGNED NOT NULL AUTO_INCREMENT, AUTO_INCREMENT=11;

--
-- AUTO_INCREMENT for table `users`
--
ALTER TABLE `users`
  MODIFY `id` int(10) UNSIGNED NOT NULL AUTO_INCREMENT, AUTO_INCREMENT=15;

--
-- AUTO_INCREMENT for table `variants`
--
ALTER TABLE `variants`
  MODIFY `id` int(10) UNSIGNED NOT NULL AUTO_INCREMENT, AUTO_INCREMENT=6;

--
-- AUTO_INCREMENT for table `warehouses`
--
ALTER TABLE `warehouses`
  MODIFY `id` int(10) UNSIGNED NOT NULL AUTO_INCREMENT, AUTO_INCREMENT=7;

--
-- Constraints for dumped tables
--

--
-- Constraints for table `role_has_permissions`
--
ALTER TABLE `role_has_permissions`
  ADD CONSTRAINT `role_has_permissions_permission_id_foreign` FOREIGN KEY (`permission_id`) REFERENCES `permissions` (`id`) ON DELETE CASCADE,
  ADD CONSTRAINT `role_has_permissions_role_id_foreign` FOREIGN KEY (`role_id`) REFERENCES `roles` (`id`) ON DELETE CASCADE;

/*!40101 SET CHARACTER_SET_CLIENT=@OLD_CHARACTER_SET_CLIENT */;
/*!40101 SET CHARACTER_SET_RESULTS=@OLD_CHARACTER_SET_RESULTS */;
/*!40101 SET COLLATION_CONNECTION=@OLD_COLLATION_CONNECTION */;
